image,image_path,xmin,ymin,xmax,ymax,label,confidence,x_size,y_size
48.jpg,/Users/tiagohorta/TrainYourOwnYOLO/Data/Source_Images/Test_Images/48.jpg,181,25,199,49,0,0.2761368751525879,1280,720
48.jpg,/Users/tiagohorta/TrainYourOwnYOLO/Data/Source_Images/Test_Images/48.jpg,637,281,702,370,0,0.33610108494758606,1280,720
48.jpg,/Users/tiagohorta/TrainYourOwnYOLO/Data/Source_Images/Test_Images/48.jpg,271,0,283,40,0,0.3518558144569397,1280,720
48.jpg,/Users/tiagohorta/TrainYourOwnYOLO/Data/Source_Images/Test_Images/48.jpg,661,275,683,310,0,0.41838887333869934,1280,720
48.jpg,/Users/tiagohorta/TrainYourOwnYOLO/Data/Source_Images/Test_Images/48.jpg,260,1,278,37,0,0.4186435043811798,1280,720
48.jpg,/Users/tiagohorta/TrainYourOwnYOLO/Data/Source_Images/Test_Images/48.jpg,651,305,691,341,0,0.4761703908443451,1280,720
48.jpg,/Users/tiagohorta/TrainYourOwnYOLO/Data/Source_Images/Test_Images/48.jpg,261,0,290,29,0,0.5414499044418335,1280,720
48.jpg,/Users/tiagohorta/TrainYourOwnYOLO/Data/Source_Images/Test_Images/48.jpg,114,642,171,698,0,0.5563331246376038,1280,720
48.jpg,/Users/tiagohorta/TrainYourOwnYOLO/Data/Source_Images/Test_Images/48.jpg,663,262,692,297,0,0.6585163474082947,1280,720
48.jpg,/Users/tiagohorta/TrainYourOwnYOLO/Data/Source_Images/Test_Images/48.jpg,314,17,339,51,0,0.7733420729637146,1280,720
48.jpg,/Users/tiagohorta/TrainYourOwnYOLO/Data/Source_Images/Test_Images/48.jpg,562,9,588,45,0,0.8262453079223633,1280,720
48.jpg,/Users/tiagohorta/TrainYourOwnYOLO/Data/Source_Images/Test_Images/48.jpg,171,27,204,60,0,0.8902251720428467,1280,720
49.jpg,/Users/tiagohorta/TrainYourOwnYOLO/Data/Source_Images/Test_Images/49.jpg,637,280,701,371,0,0.32739385962486267,1280,720
49.jpg,/Users/tiagohorta/TrainYourOwnYOLO/Data/Source_Images/Test_Images/49.jpg,270,0,284,40,0,0.3920982778072357,1280,720
49.jpg,/Users/tiagohorta/TrainYourOwnYOLO/Data/Source_Images/Test_Images/49.jpg,661,275,684,309,0,0.4362695813179016,1280,720
49.jpg,/Users/tiagohorta/TrainYourOwnYOLO/Data/Source_Images/Test_Images/49.jpg,260,2,278,37,0,0.4472999572753906,1280,720
49.jpg,/Users/tiagohorta/TrainYourOwnYOLO/Data/Source_Images/Test_Images/49.jpg,651,304,691,341,0,0.47910991311073303,1280,720
49.jpg,/Users/tiagohorta/TrainYourOwnYOLO/Data/Source_Images/Test_Images/49.jpg,262,0,290,28,0,0.5590916872024536,1280,720
49.jpg,/Users/tiagohorta/TrainYourOwnYOLO/Data/Source_Images/Test_Images/49.jpg,115,640,170,699,0,0.5735417604446411,1280,720
49.jpg,/Users/tiagohorta/TrainYourOwnYOLO/Data/Source_Images/Test_Images/49.jpg,663,263,692,296,0,0.6385519504547119,1280,720
49.jpg,/Users/tiagohorta/TrainYourOwnYOLO/Data/Source_Images/Test_Images/49.jpg,315,18,339,51,0,0.7731499671936035,1280,720
49.jpg,/Users/tiagohorta/TrainYourOwnYOLO/Data/Source_Images/Test_Images/49.jpg,562,11,588,44,0,0.8349857330322266,1280,720
49.jpg,/Users/tiagohorta/TrainYourOwnYOLO/Data/Source_Images/Test_Images/49.jpg,172,27,204,59,0,0.8727250099182129,1280,720
59.jpg,/Users/tiagohorta/TrainYourOwnYOLO/Data/Source_Images/Test_Images/59.jpg,317,17,347,39,0,0.2947835922241211,1280,720
59.jpg,/Users/tiagohorta/TrainYourOwnYOLO/Data/Source_Images/Test_Images/59.jpg,424,0,453,26,0,0.29525288939476013,1280,720
59.jpg,/Users/tiagohorta/TrainYourOwnYOLO/Data/Source_Images/Test_Images/59.jpg,648,291,692,358,0,0.29728952050209045,1280,720
59.jpg,/Users/tiagohorta/TrainYourOwnYOLO/Data/Source_Images/Test_Images/59.jpg,410,295,453,365,0,0.33805224299430847,1280,720
59.jpg,/Users/tiagohorta/TrainYourOwnYOLO/Data/Source_Images/Test_Images/59.jpg,124,73,154,110,0,0.33857932686805725,1280,720
59.jpg,/Users/tiagohorta/TrainYourOwnYOLO/Data/Source_Images/Test_Images/59.jpg,220,37,247,54,0,0.34193459153175354,1280,720
59.jpg,/Users/tiagohorta/TrainYourOwnYOLO/Data/Source_Images/Test_Images/59.jpg,165,147,201,192,0,0.3914870619773865,1280,720
59.jpg,/Users/tiagohorta/TrainYourOwnYOLO/Data/Source_Images/Test_Images/59.jpg,663,266,692,295,0,0.3936135172843933,1280,720
59.jpg,/Users/tiagohorta/TrainYourOwnYOLO/Data/Source_Images/Test_Images/59.jpg,175,62,202,105,0,0.39701640605926514,1280,720
59.jpg,/Users/tiagohorta/TrainYourOwnYOLO/Data/Source_Images/Test_Images/59.jpg,114,627,186,711,0,0.40232935547828674,1280,720
59.jpg,/Users/tiagohorta/TrainYourOwnYOLO/Data/Source_Images/Test_Images/59.jpg,744,49,777,85,0,0.4148024916648865,1280,720
59.jpg,/Users/tiagohorta/TrainYourOwnYOLO/Data/Source_Images/Test_Images/59.jpg,117,641,168,693,0,0.5280474424362183,1280,720
59.jpg,/Users/tiagohorta/TrainYourOwnYOLO/Data/Source_Images/Test_Images/59.jpg,718,420,764,475,0,0.5282877087593079,1280,720
59.jpg,/Users/tiagohorta/TrainYourOwnYOLO/Data/Source_Images/Test_Images/59.jpg,514,65,541,95,0,0.5367817878723145,1280,720
59.jpg,/Users/tiagohorta/TrainYourOwnYOLO/Data/Source_Images/Test_Images/59.jpg,462,86,488,124,0,0.5540245771408081,1280,720
59.jpg,/Users/tiagohorta/TrainYourOwnYOLO/Data/Source_Images/Test_Images/59.jpg,151,189,204,243,0,0.5545654296875,1280,720
59.jpg,/Users/tiagohorta/TrainYourOwnYOLO/Data/Source_Images/Test_Images/59.jpg,390,71,413,97,0,0.5621318817138672,1280,720
59.jpg,/Users/tiagohorta/TrainYourOwnYOLO/Data/Source_Images/Test_Images/59.jpg,560,9,589,46,0,0.6801692843437195,1280,720
59.jpg,/Users/tiagohorta/TrainYourOwnYOLO/Data/Source_Images/Test_Images/59.jpg,613,53,634,86,0,0.6881071925163269,1280,720
59.jpg,/Users/tiagohorta/TrainYourOwnYOLO/Data/Source_Images/Test_Images/59.jpg,668,8,693,39,0,0.7131537795066833,1280,720
58.jpg,/Users/tiagohorta/TrainYourOwnYOLO/Data/Source_Images/Test_Images/58.jpg,511,0,533,23,0,0.29081258177757263,1280,720
58.jpg,/Users/tiagohorta/TrainYourOwnYOLO/Data/Source_Images/Test_Images/58.jpg,226,64,258,101,0,0.2958352267742157,1280,720
58.jpg,/Users/tiagohorta/TrainYourOwnYOLO/Data/Source_Images/Test_Images/58.jpg,342,18,367,40,0,0.2980246841907501,1280,720
58.jpg,/Users/tiagohorta/TrainYourOwnYOLO/Data/Source_Images/Test_Images/58.jpg,645,289,693,358,0,0.30503490567207336,1280,720
58.jpg,/Users/tiagohorta/TrainYourOwnYOLO/Data/Source_Images/Test_Images/58.jpg,648,0,670,19,0,0.30980414152145386,1280,720
58.jpg,/Users/tiagohorta/TrainYourOwnYOLO/Data/Source_Images/Test_Images/58.jpg,9,196,56,236,0,0.3186317980289459,1280,720
58.jpg,/Users/tiagohorta/TrainYourOwnYOLO/Data/Source_Images/Test_Images/58.jpg,423,0,452,26,0,0.3370838463306427,1280,720
58.jpg,/Users/tiagohorta/TrainYourOwnYOLO/Data/Source_Images/Test_Images/58.jpg,408,296,454,365,0,0.37011823058128357,1280,720
58.jpg,/Users/tiagohorta/TrainYourOwnYOLO/Data/Source_Images/Test_Images/58.jpg,315,18,352,40,0,0.38328418135643005,1280,720
58.jpg,/Users/tiagohorta/TrainYourOwnYOLO/Data/Source_Images/Test_Images/58.jpg,157,186,199,245,0,0.42414477467536926,1280,720
58.jpg,/Users/tiagohorta/TrainYourOwnYOLO/Data/Source_Images/Test_Images/58.jpg,745,46,777,88,0,0.42450058460235596,1280,720
58.jpg,/Users/tiagohorta/TrainYourOwnYOLO/Data/Source_Images/Test_Images/58.jpg,128,78,157,106,0,0.4328466057777405,1280,720
58.jpg,/Users/tiagohorta/TrainYourOwnYOLO/Data/Source_Images/Test_Images/58.jpg,219,35,248,55,0,0.43636301159858704,1280,720
58.jpg,/Users/tiagohorta/TrainYourOwnYOLO/Data/Source_Images/Test_Images/58.jpg,663,265,692,296,0,0.4492355287075043,1280,720
58.jpg,/Users/tiagohorta/TrainYourOwnYOLO/Data/Source_Images/Test_Images/58.jpg,177,59,203,107,0,0.4925517141819,1280,720
58.jpg,/Users/tiagohorta/TrainYourOwnYOLO/Data/Source_Images/Test_Images/58.jpg,715,419,767,475,0,0.49673211574554443,1280,720
58.jpg,/Users/tiagohorta/TrainYourOwnYOLO/Data/Source_Images/Test_Images/58.jpg,116,645,168,696,0,0.534030556678772,1280,720
58.jpg,/Users/tiagohorta/TrainYourOwnYOLO/Data/Source_Images/Test_Images/58.jpg,515,65,540,93,0,0.5847148299217224,1280,720
58.jpg,/Users/tiagohorta/TrainYourOwnYOLO/Data/Source_Images/Test_Images/58.jpg,462,84,487,125,0,0.5981760025024414,1280,720
58.jpg,/Users/tiagohorta/TrainYourOwnYOLO/Data/Source_Images/Test_Images/58.jpg,559,11,590,45,0,0.7124032378196716,1280,720
8.jpg,/Users/tiagohorta/TrainYourOwnYOLO/Data/Source_Images/Test_Images/8.jpg,841,123,874,193,0,0.47546806931495667,1280,720
8.jpg,/Users/tiagohorta/TrainYourOwnYOLO/Data/Source_Images/Test_Images/8.jpg,361,416,405,476,0,0.8034591674804688,1280,720
9.jpg,/Users/tiagohorta/TrainYourOwnYOLO/Data/Source_Images/Test_Images/9.jpg,67,300,99,354,0,0.36221984028816223,1280,720
9.jpg,/Users/tiagohorta/TrainYourOwnYOLO/Data/Source_Images/Test_Images/9.jpg,318,19,341,47,0,0.3808462917804718,1280,720
9.jpg,/Users/tiagohorta/TrainYourOwnYOLO/Data/Source_Images/Test_Images/9.jpg,345,0,377,18,0,0.38858523964881897,1280,720
9.jpg,/Users/tiagohorta/TrainYourOwnYOLO/Data/Source_Images/Test_Images/9.jpg,392,284,464,378,0,0.4010600745677948,1280,720
9.jpg,/Users/tiagohorta/TrainYourOwnYOLO/Data/Source_Images/Test_Images/9.jpg,299,421,357,463,0,0.43399375677108765,1280,720
9.jpg,/Users/tiagohorta/TrainYourOwnYOLO/Data/Source_Images/Test_Images/9.jpg,101,104,129,133,0,0.4492712616920471,1280,720
9.jpg,/Users/tiagohorta/TrainYourOwnYOLO/Data/Source_Images/Test_Images/9.jpg,267,18,300,43,0,0.45514798164367676,1280,720
9.jpg,/Users/tiagohorta/TrainYourOwnYOLO/Data/Source_Images/Test_Images/9.jpg,844,130,873,180,0,0.4599810242652893,1280,720
9.jpg,/Users/tiagohorta/TrainYourOwnYOLO/Data/Source_Images/Test_Images/9.jpg,367,16,394,35,0,0.46657705307006836,1280,720
9.jpg,/Users/tiagohorta/TrainYourOwnYOLO/Data/Source_Images/Test_Images/9.jpg,366,418,402,472,0,0.5047175288200378,1280,720
9.jpg,/Users/tiagohorta/TrainYourOwnYOLO/Data/Source_Images/Test_Images/9.jpg,171,54,195,92,0,0.5230872631072998,1280,720
9.jpg,/Users/tiagohorta/TrainYourOwnYOLO/Data/Source_Images/Test_Images/9.jpg,47,61,78,83,0,0.5454557538032532,1280,720
9.jpg,/Users/tiagohorta/TrainYourOwnYOLO/Data/Source_Images/Test_Images/9.jpg,776,44,811,94,0,0.5467380285263062,1280,720
9.jpg,/Users/tiagohorta/TrainYourOwnYOLO/Data/Source_Images/Test_Images/9.jpg,41,196,71,239,0,0.5598245859146118,1280,720
9.jpg,/Users/tiagohorta/TrainYourOwnYOLO/Data/Source_Images/Test_Images/9.jpg,90,155,129,193,0,0.5849934816360474,1280,720
9.jpg,/Users/tiagohorta/TrainYourOwnYOLO/Data/Source_Images/Test_Images/9.jpg,1034,0,1061,20,0,0.590316891670227,1280,720
9.jpg,/Users/tiagohorta/TrainYourOwnYOLO/Data/Source_Images/Test_Images/9.jpg,356,65,392,93,0,0.729658305644989,1280,720
9.jpg,/Users/tiagohorta/TrainYourOwnYOLO/Data/Source_Images/Test_Images/9.jpg,560,10,586,45,0,0.811181902885437,1280,720
9.jpg,/Users/tiagohorta/TrainYourOwnYOLO/Data/Source_Images/Test_Images/9.jpg,517,63,541,92,0,0.8327047824859619,1280,720
9.jpg,/Users/tiagohorta/TrainYourOwnYOLO/Data/Source_Images/Test_Images/9.jpg,862,5,890,35,0,0.8431311249732971,1280,720
14.jpg,/Users/tiagohorta/TrainYourOwnYOLO/Data/Source_Images/Test_Images/14.jpg,366,420,401,473,0,0.379833459854126,1280,720
14.jpg,/Users/tiagohorta/TrainYourOwnYOLO/Data/Source_Images/Test_Images/14.jpg,418,415,444,472,0,0.39417412877082825,1280,720
14.jpg,/Users/tiagohorta/TrainYourOwnYOLO/Data/Source_Images/Test_Images/14.jpg,126,0,159,13,0,0.403009295463562,1280,720
14.jpg,/Users/tiagohorta/TrainYourOwnYOLO/Data/Source_Images/Test_Images/14.jpg,218,75,263,107,0,0.4057897925376892,1280,720
14.jpg,/Users/tiagohorta/TrainYourOwnYOLO/Data/Source_Images/Test_Images/14.jpg,64,52,102,83,0,0.42454975843429565,1280,720
14.jpg,/Users/tiagohorta/TrainYourOwnYOLO/Data/Source_Images/Test_Images/14.jpg,533,11,561,53,0,0.46330127120018005,1280,720
14.jpg,/Users/tiagohorta/TrainYourOwnYOLO/Data/Source_Images/Test_Images/14.jpg,9,193,51,237,0,0.4816596806049347,1280,720
14.jpg,/Users/tiagohorta/TrainYourOwnYOLO/Data/Source_Images/Test_Images/14.jpg,333,351,374,399,0,0.4897802174091339,1280,720
14.jpg,/Users/tiagohorta/TrainYourOwnYOLO/Data/Source_Images/Test_Images/14.jpg,746,49,775,88,0,0.5046982169151306,1280,720
14.jpg,/Users/tiagohorta/TrainYourOwnYOLO/Data/Source_Images/Test_Images/14.jpg,455,418,493,476,0,0.5278028845787048,1280,720
14.jpg,/Users/tiagohorta/TrainYourOwnYOLO/Data/Source_Images/Test_Images/14.jpg,612,302,644,355,0,0.5298807621002197,1280,720
14.jpg,/Users/tiagohorta/TrainYourOwnYOLO/Data/Source_Images/Test_Images/14.jpg,56,294,109,365,0,0.602857232093811,1280,720
14.jpg,/Users/tiagohorta/TrainYourOwnYOLO/Data/Source_Images/Test_Images/14.jpg,119,74,153,112,0,0.6376489996910095,1280,720
14.jpg,/Users/tiagohorta/TrainYourOwnYOLO/Data/Source_Images/Test_Images/14.jpg,865,5,889,32,0,0.6396211981773376,1280,720
14.jpg,/Users/tiagohorta/TrainYourOwnYOLO/Data/Source_Images/Test_Images/14.jpg,335,70,363,97,0,0.6481600403785706,1280,720
14.jpg,/Users/tiagohorta/TrainYourOwnYOLO/Data/Source_Images/Test_Images/14.jpg,189,0,214,48,0,0.6787371039390564,1280,720
14.jpg,/Users/tiagohorta/TrainYourOwnYOLO/Data/Source_Images/Test_Images/14.jpg,588,10,615,44,0,0.7051111459732056,1280,720
14.jpg,/Users/tiagohorta/TrainYourOwnYOLO/Data/Source_Images/Test_Images/14.jpg,569,177,599,225,0,0.7667087316513062,1280,720
14.jpg,/Users/tiagohorta/TrainYourOwnYOLO/Data/Source_Images/Test_Images/14.jpg,1038,0,1061,36,0,0.7860578298568726,1280,720
14.jpg,/Users/tiagohorta/TrainYourOwnYOLO/Data/Source_Images/Test_Images/14.jpg,1003,413,1041,489,0,0.8915088176727295,1280,720
28.jpg,/Users/tiagohorta/TrainYourOwnYOLO/Data/Source_Images/Test_Images/28.jpg,0,478,25,556,0,0.2599767744541168,1280,720
28.jpg,/Users/tiagohorta/TrainYourOwnYOLO/Data/Source_Images/Test_Images/28.jpg,112,0,163,10,0,0.4297598600387573,1280,720
28.jpg,/Users/tiagohorta/TrainYourOwnYOLO/Data/Source_Images/Test_Images/28.jpg,107,95,127,124,0,0.4321473240852356,1280,720
28.jpg,/Users/tiagohorta/TrainYourOwnYOLO/Data/Source_Images/Test_Images/28.jpg,840,127,879,190,0,0.45564770698547363,1280,720
28.jpg,/Users/tiagohorta/TrainYourOwnYOLO/Data/Source_Images/Test_Images/28.jpg,362,419,403,474,0,0.7506539821624756,1280,720
28.jpg,/Users/tiagohorta/TrainYourOwnYOLO/Data/Source_Images/Test_Images/28.jpg,97,99,134,135,0,0.8723757266998291,1280,720
29.jpg,/Users/tiagohorta/TrainYourOwnYOLO/Data/Source_Images/Test_Images/29.jpg,113,87,150,110,0,0.2965025007724762,1280,720
29.jpg,/Users/tiagohorta/TrainYourOwnYOLO/Data/Source_Images/Test_Images/29.jpg,0,478,26,555,0,0.3028795123100281,1280,720
29.jpg,/Users/tiagohorta/TrainYourOwnYOLO/Data/Source_Images/Test_Images/29.jpg,111,0,162,9,0,0.3053302764892578,1280,720
29.jpg,/Users/tiagohorta/TrainYourOwnYOLO/Data/Source_Images/Test_Images/29.jpg,841,130,877,187,0,0.41243982315063477,1280,720
29.jpg,/Users/tiagohorta/TrainYourOwnYOLO/Data/Source_Images/Test_Images/29.jpg,96,100,139,135,0,0.41912218928337097,1280,720
29.jpg,/Users/tiagohorta/TrainYourOwnYOLO/Data/Source_Images/Test_Images/29.jpg,363,418,405,474,0,0.7608600854873657,1280,720
15.jpg,/Users/tiagohorta/TrainYourOwnYOLO/Data/Source_Images/Test_Images/15.jpg,247,68,280,99,0,0.30359289050102234,1280,720
15.jpg,/Users/tiagohorta/TrainYourOwnYOLO/Data/Source_Images/Test_Images/15.jpg,416,293,452,368,0,0.30442601442337036,1280,720
15.jpg,/Users/tiagohorta/TrainYourOwnYOLO/Data/Source_Images/Test_Images/15.jpg,416,415,444,469,0,0.32073917984962463,1280,720
15.jpg,/Users/tiagohorta/TrainYourOwnYOLO/Data/Source_Images/Test_Images/15.jpg,378,31,398,59,0,0.34699350595474243,1280,720
15.jpg,/Users/tiagohorta/TrainYourOwnYOLO/Data/Source_Images/Test_Images/15.jpg,353,179,379,233,0,0.3561898469924927,1280,720
15.jpg,/Users/tiagohorta/TrainYourOwnYOLO/Data/Source_Images/Test_Images/15.jpg,57,407,118,475,0,0.3840074837207794,1280,720
15.jpg,/Users/tiagohorta/TrainYourOwnYOLO/Data/Source_Images/Test_Images/15.jpg,533,14,560,50,0,0.4054136872291565,1280,720
15.jpg,/Users/tiagohorta/TrainYourOwnYOLO/Data/Source_Images/Test_Images/15.jpg,58,296,106,360,0,0.4331849217414856,1280,720
15.jpg,/Users/tiagohorta/TrainYourOwnYOLO/Data/Source_Images/Test_Images/15.jpg,187,3,217,43,0,0.5050342082977295,1280,720
15.jpg,/Users/tiagohorta/TrainYourOwnYOLO/Data/Source_Images/Test_Images/15.jpg,747,51,773,86,0,0.5067877173423767,1280,720
15.jpg,/Users/tiagohorta/TrainYourOwnYOLO/Data/Source_Images/Test_Images/15.jpg,418,19,439,46,0,0.5216132402420044,1280,720
15.jpg,/Users/tiagohorta/TrainYourOwnYOLO/Data/Source_Images/Test_Images/15.jpg,610,301,647,355,0,0.5332239866256714,1280,720
15.jpg,/Users/tiagohorta/TrainYourOwnYOLO/Data/Source_Images/Test_Images/15.jpg,336,68,364,97,0,0.5337994694709778,1280,720
15.jpg,/Users/tiagohorta/TrainYourOwnYOLO/Data/Source_Images/Test_Images/15.jpg,865,5,889,32,0,0.609046995639801,1280,720
15.jpg,/Users/tiagohorta/TrainYourOwnYOLO/Data/Source_Images/Test_Images/15.jpg,587,11,616,43,0,0.6328654289245605,1280,720
15.jpg,/Users/tiagohorta/TrainYourOwnYOLO/Data/Source_Images/Test_Images/15.jpg,64,194,111,236,0,0.6686680912971497,1280,720
15.jpg,/Users/tiagohorta/TrainYourOwnYOLO/Data/Source_Images/Test_Images/15.jpg,676,415,714,484,0,0.6931929588317871,1280,720
15.jpg,/Users/tiagohorta/TrainYourOwnYOLO/Data/Source_Images/Test_Images/15.jpg,568,178,599,223,0,0.762859582901001,1280,720
15.jpg,/Users/tiagohorta/TrainYourOwnYOLO/Data/Source_Images/Test_Images/15.jpg,1038,0,1061,36,0,0.8180763721466064,1280,720
15.jpg,/Users/tiagohorta/TrainYourOwnYOLO/Data/Source_Images/Test_Images/15.jpg,1004,417,1040,484,0,0.8599345684051514,1280,720
16.jpg,/Users/tiagohorta/TrainYourOwnYOLO/Data/Source_Images/Test_Images/16.jpg,340,175,388,240,0,0.2701340913772583,1280,720
16.jpg,/Users/tiagohorta/TrainYourOwnYOLO/Data/Source_Images/Test_Images/16.jpg,737,485,778,561,0,0.29093503952026367,1280,720
16.jpg,/Users/tiagohorta/TrainYourOwnYOLO/Data/Source_Images/Test_Images/16.jpg,493,174,525,238,0,0.30268678069114685,1280,720
16.jpg,/Users/tiagohorta/TrainYourOwnYOLO/Data/Source_Images/Test_Images/16.jpg,956,164,988,227,0,0.3028377592563629,1280,720
16.jpg,/Users/tiagohorta/TrainYourOwnYOLO/Data/Source_Images/Test_Images/16.jpg,441,63,477,97,0,0.3112107813358307,1280,720
16.jpg,/Users/tiagohorta/TrainYourOwnYOLO/Data/Source_Images/Test_Images/16.jpg,436,19,471,45,0,0.312589168548584,1280,720
16.jpg,/Users/tiagohorta/TrainYourOwnYOLO/Data/Source_Images/Test_Images/16.jpg,298,150,334,189,0,0.31893038749694824,1280,720
16.jpg,/Users/tiagohorta/TrainYourOwnYOLO/Data/Source_Images/Test_Images/16.jpg,361,71,389,98,0,0.3244043290615082,1280,720
16.jpg,/Users/tiagohorta/TrainYourOwnYOLO/Data/Source_Images/Test_Images/16.jpg,318,13,341,40,0,0.3417504131793976,1280,720
16.jpg,/Users/tiagohorta/TrainYourOwnYOLO/Data/Source_Images/Test_Images/16.jpg,858,5,888,36,0,0.35072946548461914,1280,720
16.jpg,/Users/tiagohorta/TrainYourOwnYOLO/Data/Source_Images/Test_Images/16.jpg,618,83,651,126,0,0.40870901942253113,1280,720
16.jpg,/Users/tiagohorta/TrainYourOwnYOLO/Data/Source_Images/Test_Images/16.jpg,1,485,61,556,0,0.40921586751937866,1280,720
16.jpg,/Users/tiagohorta/TrainYourOwnYOLO/Data/Source_Images/Test_Images/16.jpg,598,143,648,192,0,0.4093863368034363,1280,720
16.jpg,/Users/tiagohorta/TrainYourOwnYOLO/Data/Source_Images/Test_Images/16.jpg,151,482,203,561,0,0.4589449167251587,1280,720
16.jpg,/Users/tiagohorta/TrainYourOwnYOLO/Data/Source_Images/Test_Images/16.jpg,932,83,967,113,0,0.4806700646877289,1280,720
16.jpg,/Users/tiagohorta/TrainYourOwnYOLO/Data/Source_Images/Test_Images/16.jpg,814,84,843,117,0,0.4835173189640045,1280,720
16.jpg,/Users/tiagohorta/TrainYourOwnYOLO/Data/Source_Images/Test_Images/16.jpg,688,11,724,37,0,0.4934224486351013,1280,720
16.jpg,/Users/tiagohorta/TrainYourOwnYOLO/Data/Source_Images/Test_Images/16.jpg,715,83,742,118,0,0.49864083528518677,1280,720
16.jpg,/Users/tiagohorta/TrainYourOwnYOLO/Data/Source_Images/Test_Images/16.jpg,560,81,602,126,0,0.5290099382400513,1280,720
16.jpg,/Users/tiagohorta/TrainYourOwnYOLO/Data/Source_Images/Test_Images/16.jpg,244,157,276,187,0,0.5430338978767395,1280,720
12.jpg,/Users/tiagohorta/TrainYourOwnYOLO/Data/Source_Images/Test_Images/12.jpg,120,101,157,131,0,0.3920294940471649,1280,720
12.jpg,/Users/tiagohorta/TrainYourOwnYOLO/Data/Source_Images/Test_Images/12.jpg,416,418,447,468,0,0.4049578011035919,1280,720
12.jpg,/Users/tiagohorta/TrainYourOwnYOLO/Data/Source_Images/Test_Images/12.jpg,447,217,477,247,0,0.40642017126083374,1280,720
12.jpg,/Users/tiagohorta/TrainYourOwnYOLO/Data/Source_Images/Test_Images/12.jpg,305,413,351,471,0,0.41658860445022583,1280,720
12.jpg,/Users/tiagohorta/TrainYourOwnYOLO/Data/Source_Images/Test_Images/12.jpg,216,73,262,109,0,0.42624330520629883,1280,720
12.jpg,/Users/tiagohorta/TrainYourOwnYOLO/Data/Source_Images/Test_Images/12.jpg,749,5,773,35,0,0.4383275806903839,1280,720
12.jpg,/Users/tiagohorta/TrainYourOwnYOLO/Data/Source_Images/Test_Images/12.jpg,66,52,102,82,0,0.4455258548259735,1280,720
12.jpg,/Users/tiagohorta/TrainYourOwnYOLO/Data/Source_Images/Test_Images/12.jpg,368,417,398,473,0,0.44966840744018555,1280,720
12.jpg,/Users/tiagohorta/TrainYourOwnYOLO/Data/Source_Images/Test_Images/12.jpg,295,19,314,52,0,0.5110414028167725,1280,720
12.jpg,/Users/tiagohorta/TrainYourOwnYOLO/Data/Source_Images/Test_Images/12.jpg,246,486,302,564,0,0.5714625120162964,1280,720
12.jpg,/Users/tiagohorta/TrainYourOwnYOLO/Data/Source_Images/Test_Images/12.jpg,242,29,270,61,0,0.5802446603775024,1280,720
12.jpg,/Users/tiagohorta/TrainYourOwnYOLO/Data/Source_Images/Test_Images/12.jpg,436,225,484,257,0,0.6238533854484558,1280,720
12.jpg,/Users/tiagohorta/TrainYourOwnYOLO/Data/Source_Images/Test_Images/12.jpg,125,81,149,120,0,0.6674124598503113,1280,720
12.jpg,/Users/tiagohorta/TrainYourOwnYOLO/Data/Source_Images/Test_Images/12.jpg,342,17,368,51,0,0.6866582632064819,1280,720
12.jpg,/Users/tiagohorta/TrainYourOwnYOLO/Data/Source_Images/Test_Images/12.jpg,36,197,81,232,0,0.6910004019737244,1280,720
12.jpg,/Users/tiagohorta/TrainYourOwnYOLO/Data/Source_Images/Test_Images/12.jpg,173,29,203,58,0,0.6996740102767944,1280,720
12.jpg,/Users/tiagohorta/TrainYourOwnYOLO/Data/Source_Images/Test_Images/12.jpg,534,9,562,53,0,0.7015561461448669,1280,720
12.jpg,/Users/tiagohorta/TrainYourOwnYOLO/Data/Source_Images/Test_Images/12.jpg,839,47,870,87,0,0.7249983549118042,1280,720
12.jpg,/Users/tiagohorta/TrainYourOwnYOLO/Data/Source_Images/Test_Images/12.jpg,590,10,613,42,0,0.7934550046920776,1280,720
12.jpg,/Users/tiagohorta/TrainYourOwnYOLO/Data/Source_Images/Test_Images/12.jpg,1036,0,1061,39,0,0.8115292191505432,1280,720
13.jpg,/Users/tiagohorta/TrainYourOwnYOLO/Data/Source_Images/Test_Images/13.jpg,1097,422,1149,487,0,0.4173332750797272,1280,720
13.jpg,/Users/tiagohorta/TrainYourOwnYOLO/Data/Source_Images/Test_Images/13.jpg,305,415,351,470,0,0.4230189621448517,1280,720
13.jpg,/Users/tiagohorta/TrainYourOwnYOLO/Data/Source_Images/Test_Images/13.jpg,49,398,115,480,0,0.4290675222873688,1280,720
13.jpg,/Users/tiagohorta/TrainYourOwnYOLO/Data/Source_Images/Test_Images/13.jpg,751,9,770,37,0,0.43561986088752747,1280,720
13.jpg,/Users/tiagohorta/TrainYourOwnYOLO/Data/Source_Images/Test_Images/13.jpg,415,417,449,467,0,0.46936383843421936,1280,720
13.jpg,/Users/tiagohorta/TrainYourOwnYOLO/Data/Source_Images/Test_Images/13.jpg,536,9,562,45,0,0.4697701036930084,1280,720
13.jpg,/Users/tiagohorta/TrainYourOwnYOLO/Data/Source_Images/Test_Images/13.jpg,371,420,397,471,0,0.5193907022476196,1280,720
13.jpg,/Users/tiagohorta/TrainYourOwnYOLO/Data/Source_Images/Test_Images/13.jpg,246,483,302,569,0,0.5199988484382629,1280,720
13.jpg,/Users/tiagohorta/TrainYourOwnYOLO/Data/Source_Images/Test_Images/13.jpg,123,85,153,119,0,0.543489933013916,1280,720
13.jpg,/Users/tiagohorta/TrainYourOwnYOLO/Data/Source_Images/Test_Images/13.jpg,339,20,367,47,0,0.5504513382911682,1280,720
13.jpg,/Users/tiagohorta/TrainYourOwnYOLO/Data/Source_Images/Test_Images/13.jpg,461,186,496,223,0,0.5586979389190674,1280,720
13.jpg,/Users/tiagohorta/TrainYourOwnYOLO/Data/Source_Images/Test_Images/13.jpg,40,196,81,233,0,0.567112147808075,1280,720
13.jpg,/Users/tiagohorta/TrainYourOwnYOLO/Data/Source_Images/Test_Images/13.jpg,247,113,274,142,0,0.66985684633255,1280,720
13.jpg,/Users/tiagohorta/TrainYourOwnYOLO/Data/Source_Images/Test_Images/13.jpg,407,13,446,49,0,0.7077577114105225,1280,720
13.jpg,/Users/tiagohorta/TrainYourOwnYOLO/Data/Source_Images/Test_Images/13.jpg,831,52,875,86,0,0.7144488096237183,1280,720
13.jpg,/Users/tiagohorta/TrainYourOwnYOLO/Data/Source_Images/Test_Images/13.jpg,509,67,536,97,0,0.7294231653213501,1280,720
13.jpg,/Users/tiagohorta/TrainYourOwnYOLO/Data/Source_Images/Test_Images/13.jpg,414,64,438,97,0,0.740851879119873,1280,720
13.jpg,/Users/tiagohorta/TrainYourOwnYOLO/Data/Source_Images/Test_Images/13.jpg,587,7,616,43,0,0.7530803680419922,1280,720
13.jpg,/Users/tiagohorta/TrainYourOwnYOLO/Data/Source_Images/Test_Images/13.jpg,1037,0,1061,38,0,0.7811149954795837,1280,720
13.jpg,/Users/tiagohorta/TrainYourOwnYOLO/Data/Source_Images/Test_Images/13.jpg,717,51,743,89,0,0.7881506681442261,1280,720
39.jpg,/Users/tiagohorta/TrainYourOwnYOLO/Data/Source_Images/Test_Images/39.jpg,261,0,276,39,0,0.32472342252731323,1280,720
39.jpg,/Users/tiagohorta/TrainYourOwnYOLO/Data/Source_Images/Test_Images/39.jpg,661,275,683,312,0,0.36696088314056396,1280,720
39.jpg,/Users/tiagohorta/TrainYourOwnYOLO/Data/Source_Images/Test_Images/39.jpg,640,277,699,373,0,0.45681437849998474,1280,720
39.jpg,/Users/tiagohorta/TrainYourOwnYOLO/Data/Source_Images/Test_Images/39.jpg,651,300,691,346,0,0.4836716055870056,1280,720
39.jpg,/Users/tiagohorta/TrainYourOwnYOLO/Data/Source_Images/Test_Images/39.jpg,268,2,285,33,0,0.5565686225891113,1280,720
39.jpg,/Users/tiagohorta/TrainYourOwnYOLO/Data/Source_Images/Test_Images/39.jpg,115,640,170,699,0,0.5896974205970764,1280,720
39.jpg,/Users/tiagohorta/TrainYourOwnYOLO/Data/Source_Images/Test_Images/39.jpg,257,0,294,28,0,0.6203471422195435,1280,720
39.jpg,/Users/tiagohorta/TrainYourOwnYOLO/Data/Source_Images/Test_Images/39.jpg,664,262,689,296,0,0.6221142411231995,1280,720
11.jpg,/Users/tiagohorta/TrainYourOwnYOLO/Data/Source_Images/Test_Images/11.jpg,638,276,699,371,0,0.3841535151004791,1280,720
11.jpg,/Users/tiagohorta/TrainYourOwnYOLO/Data/Source_Images/Test_Images/11.jpg,660,276,683,311,0,0.4389616847038269,1280,720
11.jpg,/Users/tiagohorta/TrainYourOwnYOLO/Data/Source_Images/Test_Images/11.jpg,650,302,691,344,0,0.49769431352615356,1280,720
11.jpg,/Users/tiagohorta/TrainYourOwnYOLO/Data/Source_Images/Test_Images/11.jpg,114,638,170,701,0,0.6443209648132324,1280,720
11.jpg,/Users/tiagohorta/TrainYourOwnYOLO/Data/Source_Images/Test_Images/11.jpg,664,264,690,295,0,0.6533629894256592,1280,720
10.jpg,/Users/tiagohorta/TrainYourOwnYOLO/Data/Source_Images/Test_Images/10.jpg,302,487,349,559,0,0.381483793258667,1280,720
10.jpg,/Users/tiagohorta/TrainYourOwnYOLO/Data/Source_Images/Test_Images/10.jpg,156,485,200,556,0,0.4746764004230499,1280,720
38.jpg,/Users/tiagohorta/TrainYourOwnYOLO/Data/Source_Images/Test_Images/38.jpg,660,275,684,311,0,0.36156174540519714,1280,720
38.jpg,/Users/tiagohorta/TrainYourOwnYOLO/Data/Source_Images/Test_Images/38.jpg,650,300,692,346,0,0.47017914056777954,1280,720
38.jpg,/Users/tiagohorta/TrainYourOwnYOLO/Data/Source_Images/Test_Images/38.jpg,637,278,701,373,0,0.48063698410987854,1280,720
38.jpg,/Users/tiagohorta/TrainYourOwnYOLO/Data/Source_Images/Test_Images/38.jpg,115,639,170,697,0,0.5975930094718933,1280,720
38.jpg,/Users/tiagohorta/TrainYourOwnYOLO/Data/Source_Images/Test_Images/38.jpg,663,262,690,296,0,0.6290618181228638,1280,720
21.jpg,/Users/tiagohorta/TrainYourOwnYOLO/Data/Source_Images/Test_Images/21.jpg,841,123,874,193,0,0.47546806931495667,1280,720
21.jpg,/Users/tiagohorta/TrainYourOwnYOLO/Data/Source_Images/Test_Images/21.jpg,361,416,405,476,0,0.8034591674804688,1280,720
35.jpg,/Users/tiagohorta/TrainYourOwnYOLO/Data/Source_Images/Test_Images/35.jpg,638,276,699,371,0,0.3841535151004791,1280,720
35.jpg,/Users/tiagohorta/TrainYourOwnYOLO/Data/Source_Images/Test_Images/35.jpg,660,276,683,311,0,0.4389616847038269,1280,720
35.jpg,/Users/tiagohorta/TrainYourOwnYOLO/Data/Source_Images/Test_Images/35.jpg,650,302,691,344,0,0.49769431352615356,1280,720
35.jpg,/Users/tiagohorta/TrainYourOwnYOLO/Data/Source_Images/Test_Images/35.jpg,114,638,170,701,0,0.6443209648132324,1280,720
35.jpg,/Users/tiagohorta/TrainYourOwnYOLO/Data/Source_Images/Test_Images/35.jpg,664,264,690,295,0,0.6533629894256592,1280,720
34.jpg,/Users/tiagohorta/TrainYourOwnYOLO/Data/Source_Images/Test_Images/34.jpg,643,270,694,373,0,0.33223968744277954,1280,720
34.jpg,/Users/tiagohorta/TrainYourOwnYOLO/Data/Source_Images/Test_Images/34.jpg,661,278,683,312,0,0.3445360064506531,1280,720
34.jpg,/Users/tiagohorta/TrainYourOwnYOLO/Data/Source_Images/Test_Images/34.jpg,110,626,191,715,0,0.4090304970741272,1280,720
34.jpg,/Users/tiagohorta/TrainYourOwnYOLO/Data/Source_Images/Test_Images/34.jpg,651,304,690,343,0,0.4862580895423889,1280,720
34.jpg,/Users/tiagohorta/TrainYourOwnYOLO/Data/Source_Images/Test_Images/34.jpg,665,263,689,296,0,0.6299222707748413,1280,720
20.jpg,/Users/tiagohorta/TrainYourOwnYOLO/Data/Source_Images/Test_Images/20.jpg,189,13,216,41,0,0.29615968465805054,1280,720
20.jpg,/Users/tiagohorta/TrainYourOwnYOLO/Data/Source_Images/Test_Images/20.jpg,313,0,341,20,0,0.3085356056690216,1280,720
20.jpg,/Users/tiagohorta/TrainYourOwnYOLO/Data/Source_Images/Test_Images/20.jpg,43,58,79,86,0,0.31369397044181824,1280,720
20.jpg,/Users/tiagohorta/TrainYourOwnYOLO/Data/Source_Images/Test_Images/20.jpg,301,0,331,22,0,0.3440864086151123,1280,720
20.jpg,/Users/tiagohorta/TrainYourOwnYOLO/Data/Source_Images/Test_Images/20.jpg,178,21,200,45,0,0.35120731592178345,1280,720
20.jpg,/Users/tiagohorta/TrainYourOwnYOLO/Data/Source_Images/Test_Images/20.jpg,497,0,525,19,0,0.40017178654670715,1280,720
20.jpg,/Users/tiagohorta/TrainYourOwnYOLO/Data/Source_Images/Test_Images/20.jpg,348,0,376,24,0,0.4351341426372528,1280,720
20.jpg,/Users/tiagohorta/TrainYourOwnYOLO/Data/Source_Images/Test_Images/20.jpg,53,192,109,240,0,0.4602053165435791,1280,720
20.jpg,/Users/tiagohorta/TrainYourOwnYOLO/Data/Source_Images/Test_Images/20.jpg,611,19,643,37,0,0.48934268951416016,1280,720
20.jpg,/Users/tiagohorta/TrainYourOwnYOLO/Data/Source_Images/Test_Images/20.jpg,946,145,991,186,0,0.4977231025695801,1280,720
20.jpg,/Users/tiagohorta/TrainYourOwnYOLO/Data/Source_Images/Test_Images/20.jpg,169,32,196,54,0,0.5217752456665039,1280,720
20.jpg,/Users/tiagohorta/TrainYourOwnYOLO/Data/Source_Images/Test_Images/20.jpg,534,20,559,46,0,0.5265480875968933,1280,720
20.jpg,/Users/tiagohorta/TrainYourOwnYOLO/Data/Source_Images/Test_Images/20.jpg,243,13,272,41,0,0.5620082020759583,1280,720
20.jpg,/Users/tiagohorta/TrainYourOwnYOLO/Data/Source_Images/Test_Images/20.jpg,918,5,944,33,0,0.6202757358551025,1280,720
20.jpg,/Users/tiagohorta/TrainYourOwnYOLO/Data/Source_Images/Test_Images/20.jpg,123,160,152,195,0,0.6237019300460815,1280,720
20.jpg,/Users/tiagohorta/TrainYourOwnYOLO/Data/Source_Images/Test_Images/20.jpg,638,10,661,39,0,0.6264339089393616,1280,720
20.jpg,/Users/tiagohorta/TrainYourOwnYOLO/Data/Source_Images/Test_Images/20.jpg,691,16,720,35,0,0.6413776278495789,1280,720
20.jpg,/Users/tiagohorta/TrainYourOwnYOLO/Data/Source_Images/Test_Images/20.jpg,300,65,330,98,0,0.6954076886177063,1280,720
20.jpg,/Users/tiagohorta/TrainYourOwnYOLO/Data/Source_Images/Test_Images/20.jpg,511,52,546,94,0,0.7117502093315125,1280,720
20.jpg,/Users/tiagohorta/TrainYourOwnYOLO/Data/Source_Images/Test_Images/20.jpg,436,16,468,50,0,0.7652279734611511,1280,720
36.jpg,/Users/tiagohorta/TrainYourOwnYOLO/Data/Source_Images/Test_Images/36.jpg,660,276,683,311,0,0.37499311566352844,1280,720
36.jpg,/Users/tiagohorta/TrainYourOwnYOLO/Data/Source_Images/Test_Images/36.jpg,637,278,701,370,0,0.42012685537338257,1280,720
36.jpg,/Users/tiagohorta/TrainYourOwnYOLO/Data/Source_Images/Test_Images/36.jpg,650,301,691,344,0,0.48498252034187317,1280,720
36.jpg,/Users/tiagohorta/TrainYourOwnYOLO/Data/Source_Images/Test_Images/36.jpg,110,640,175,699,0,0.587006688117981,1280,720
36.jpg,/Users/tiagohorta/TrainYourOwnYOLO/Data/Source_Images/Test_Images/36.jpg,662,262,690,296,0,0.6426734328269958,1280,720
22.jpg,/Users/tiagohorta/TrainYourOwnYOLO/Data/Source_Images/Test_Images/22.jpg,113,0,159,10,0,0.2629368007183075,1280,720
22.jpg,/Users/tiagohorta/TrainYourOwnYOLO/Data/Source_Images/Test_Images/22.jpg,841,123,875,192,0,0.5523881912231445,1280,720
22.jpg,/Users/tiagohorta/TrainYourOwnYOLO/Data/Source_Images/Test_Images/22.jpg,362,416,403,476,0,0.7903550267219543,1280,720
23.jpg,/Users/tiagohorta/TrainYourOwnYOLO/Data/Source_Images/Test_Images/23.jpg,116,0,155,9,0,0.2898251414299011,1280,720
23.jpg,/Users/tiagohorta/TrainYourOwnYOLO/Data/Source_Images/Test_Images/23.jpg,843,129,873,188,0,0.47065189480781555,1280,720
23.jpg,/Users/tiagohorta/TrainYourOwnYOLO/Data/Source_Images/Test_Images/23.jpg,363,416,405,474,0,0.7566167712211609,1280,720
37.jpg,/Users/tiagohorta/TrainYourOwnYOLO/Data/Source_Images/Test_Images/37.jpg,660,274,684,311,0,0.4051592946052551,1280,720
37.jpg,/Users/tiagohorta/TrainYourOwnYOLO/Data/Source_Images/Test_Images/37.jpg,651,302,691,344,0,0.44036152958869934,1280,720
37.jpg,/Users/tiagohorta/TrainYourOwnYOLO/Data/Source_Images/Test_Images/37.jpg,636,275,702,376,0,0.4445541203022003,1280,720
37.jpg,/Users/tiagohorta/TrainYourOwnYOLO/Data/Source_Images/Test_Images/37.jpg,113,642,171,697,0,0.5989029407501221,1280,720
37.jpg,/Users/tiagohorta/TrainYourOwnYOLO/Data/Source_Images/Test_Images/37.jpg,663,262,690,296,0,0.6206846237182617,1280,720
33.jpg,/Users/tiagohorta/TrainYourOwnYOLO/Data/Source_Images/Test_Images/33.jpg,399,274,462,382,0,0.3205098509788513,1280,720
33.jpg,/Users/tiagohorta/TrainYourOwnYOLO/Data/Source_Images/Test_Images/33.jpg,22,259,94,303,0,0.3400130271911621,1280,720
33.jpg,/Users/tiagohorta/TrainYourOwnYOLO/Data/Source_Images/Test_Images/33.jpg,46,58,75,84,0,0.3403239846229553,1280,720
33.jpg,/Users/tiagohorta/TrainYourOwnYOLO/Data/Source_Images/Test_Images/33.jpg,365,14,390,40,0,0.3478935658931732,1280,720
33.jpg,/Users/tiagohorta/TrainYourOwnYOLO/Data/Source_Images/Test_Images/33.jpg,69,295,97,360,0,0.35830363631248474,1280,720
33.jpg,/Users/tiagohorta/TrainYourOwnYOLO/Data/Source_Images/Test_Images/33.jpg,51,401,120,478,0,0.41274362802505493,1280,720
33.jpg,/Users/tiagohorta/TrainYourOwnYOLO/Data/Source_Images/Test_Images/33.jpg,366,420,398,468,0,0.44160979986190796,1280,720
33.jpg,/Users/tiagohorta/TrainYourOwnYOLO/Data/Source_Images/Test_Images/33.jpg,837,127,880,186,0,0.46376776695251465,1280,720
33.jpg,/Users/tiagohorta/TrainYourOwnYOLO/Data/Source_Images/Test_Images/33.jpg,777,47,806,92,0,0.4694945216178894,1280,720
33.jpg,/Users/tiagohorta/TrainYourOwnYOLO/Data/Source_Images/Test_Images/33.jpg,352,176,380,237,0,0.4910409450531006,1280,720
33.jpg,/Users/tiagohorta/TrainYourOwnYOLO/Data/Source_Images/Test_Images/33.jpg,88,155,129,193,0,0.5093410611152649,1280,720
33.jpg,/Users/tiagohorta/TrainYourOwnYOLO/Data/Source_Images/Test_Images/33.jpg,412,415,450,468,0,0.5354279279708862,1280,720
33.jpg,/Users/tiagohorta/TrainYourOwnYOLO/Data/Source_Images/Test_Images/33.jpg,42,196,74,235,0,0.5377761125564575,1280,720
33.jpg,/Users/tiagohorta/TrainYourOwnYOLO/Data/Source_Images/Test_Images/33.jpg,864,5,893,31,0,0.5602177381515503,1280,720
33.jpg,/Users/tiagohorta/TrainYourOwnYOLO/Data/Source_Images/Test_Images/33.jpg,359,64,388,94,0,0.67833411693573,1280,720
33.jpg,/Users/tiagohorta/TrainYourOwnYOLO/Data/Source_Images/Test_Images/33.jpg,412,9,443,48,0,0.7462579011917114,1280,720
33.jpg,/Users/tiagohorta/TrainYourOwnYOLO/Data/Source_Images/Test_Images/33.jpg,558,6,587,47,0,0.7561213374137878,1280,720
33.jpg,/Users/tiagohorta/TrainYourOwnYOLO/Data/Source_Images/Test_Images/33.jpg,514,62,539,90,0,0.7614151239395142,1280,720
33.jpg,/Users/tiagohorta/TrainYourOwnYOLO/Data/Source_Images/Test_Images/33.jpg,1032,0,1062,25,0,0.7620230913162231,1280,720
33.jpg,/Users/tiagohorta/TrainYourOwnYOLO/Data/Source_Images/Test_Images/33.jpg,668,8,689,38,0,0.800487756729126,1280,720
27.jpg,/Users/tiagohorta/TrainYourOwnYOLO/Data/Source_Images/Test_Images/27.jpg,114,0,157,9,0,0.36350172758102417,1280,720
27.jpg,/Users/tiagohorta/TrainYourOwnYOLO/Data/Source_Images/Test_Images/27.jpg,841,119,876,197,0,0.5182996988296509,1280,720
27.jpg,/Users/tiagohorta/TrainYourOwnYOLO/Data/Source_Images/Test_Images/27.jpg,360,416,405,476,0,0.7732978463172913,1280,720
26.jpg,/Users/tiagohorta/TrainYourOwnYOLO/Data/Source_Images/Test_Images/26.jpg,114,0,159,9,0,0.38341546058654785,1280,720
26.jpg,/Users/tiagohorta/TrainYourOwnYOLO/Data/Source_Images/Test_Images/26.jpg,840,126,879,192,0,0.4730305075645447,1280,720
26.jpg,/Users/tiagohorta/TrainYourOwnYOLO/Data/Source_Images/Test_Images/26.jpg,363,417,404,475,0,0.7515742182731628,1280,720
32.jpg,/Users/tiagohorta/TrainYourOwnYOLO/Data/Source_Images/Test_Images/32.jpg,67,300,99,354,0,0.36221984028816223,1280,720
32.jpg,/Users/tiagohorta/TrainYourOwnYOLO/Data/Source_Images/Test_Images/32.jpg,318,19,341,47,0,0.3808462917804718,1280,720
32.jpg,/Users/tiagohorta/TrainYourOwnYOLO/Data/Source_Images/Test_Images/32.jpg,345,0,377,18,0,0.38858523964881897,1280,720
32.jpg,/Users/tiagohorta/TrainYourOwnYOLO/Data/Source_Images/Test_Images/32.jpg,392,284,464,378,0,0.4010600745677948,1280,720
32.jpg,/Users/tiagohorta/TrainYourOwnYOLO/Data/Source_Images/Test_Images/32.jpg,299,421,357,463,0,0.43399375677108765,1280,720
32.jpg,/Users/tiagohorta/TrainYourOwnYOLO/Data/Source_Images/Test_Images/32.jpg,101,104,129,133,0,0.4492712616920471,1280,720
32.jpg,/Users/tiagohorta/TrainYourOwnYOLO/Data/Source_Images/Test_Images/32.jpg,267,18,300,43,0,0.45514798164367676,1280,720
32.jpg,/Users/tiagohorta/TrainYourOwnYOLO/Data/Source_Images/Test_Images/32.jpg,844,130,873,180,0,0.4599810242652893,1280,720
32.jpg,/Users/tiagohorta/TrainYourOwnYOLO/Data/Source_Images/Test_Images/32.jpg,367,16,394,35,0,0.46657705307006836,1280,720
32.jpg,/Users/tiagohorta/TrainYourOwnYOLO/Data/Source_Images/Test_Images/32.jpg,366,418,402,472,0,0.5047175288200378,1280,720
32.jpg,/Users/tiagohorta/TrainYourOwnYOLO/Data/Source_Images/Test_Images/32.jpg,171,54,195,92,0,0.5230872631072998,1280,720
32.jpg,/Users/tiagohorta/TrainYourOwnYOLO/Data/Source_Images/Test_Images/32.jpg,47,61,78,83,0,0.5454557538032532,1280,720
32.jpg,/Users/tiagohorta/TrainYourOwnYOLO/Data/Source_Images/Test_Images/32.jpg,776,44,811,94,0,0.5467380285263062,1280,720
32.jpg,/Users/tiagohorta/TrainYourOwnYOLO/Data/Source_Images/Test_Images/32.jpg,41,196,71,239,0,0.5598245859146118,1280,720
32.jpg,/Users/tiagohorta/TrainYourOwnYOLO/Data/Source_Images/Test_Images/32.jpg,90,155,129,193,0,0.5849934816360474,1280,720
32.jpg,/Users/tiagohorta/TrainYourOwnYOLO/Data/Source_Images/Test_Images/32.jpg,1034,0,1061,20,0,0.590316891670227,1280,720
32.jpg,/Users/tiagohorta/TrainYourOwnYOLO/Data/Source_Images/Test_Images/32.jpg,356,65,392,93,0,0.729658305644989,1280,720
32.jpg,/Users/tiagohorta/TrainYourOwnYOLO/Data/Source_Images/Test_Images/32.jpg,560,10,586,45,0,0.811181902885437,1280,720
32.jpg,/Users/tiagohorta/TrainYourOwnYOLO/Data/Source_Images/Test_Images/32.jpg,517,63,541,92,0,0.8327047824859619,1280,720
32.jpg,/Users/tiagohorta/TrainYourOwnYOLO/Data/Source_Images/Test_Images/32.jpg,862,5,890,35,0,0.8431311249732971,1280,720
18.jpg,/Users/tiagohorta/TrainYourOwnYOLO/Data/Source_Images/Test_Images/18.jpg,200,494,251,548,0,0.28648948669433594,1280,720
24.jpg,/Users/tiagohorta/TrainYourOwnYOLO/Data/Source_Images/Test_Images/24.jpg,113,0,159,9,0,0.3620462119579315,1280,720
24.jpg,/Users/tiagohorta/TrainYourOwnYOLO/Data/Source_Images/Test_Images/24.jpg,843,124,874,193,0,0.42351892590522766,1280,720
24.jpg,/Users/tiagohorta/TrainYourOwnYOLO/Data/Source_Images/Test_Images/24.jpg,490,410,540,478,0,0.5351424813270569,1280,720
24.jpg,/Users/tiagohorta/TrainYourOwnYOLO/Data/Source_Images/Test_Images/24.jpg,1188,409,1256,479,0,0.5890871286392212,1280,720
24.jpg,/Users/tiagohorta/TrainYourOwnYOLO/Data/Source_Images/Test_Images/24.jpg,363,417,404,475,0,0.7666102647781372,1280,720
30.jpg,/Users/tiagohorta/TrainYourOwnYOLO/Data/Source_Images/Test_Images/30.jpg,115,0,159,10,0,0.26080864667892456,1280,720
30.jpg,/Users/tiagohorta/TrainYourOwnYOLO/Data/Source_Images/Test_Images/30.jpg,1096,412,1147,491,0,0.27412012219429016,1280,720
30.jpg,/Users/tiagohorta/TrainYourOwnYOLO/Data/Source_Images/Test_Images/30.jpg,115,87,150,109,0,0.30610567331314087,1280,720
30.jpg,/Users/tiagohorta/TrainYourOwnYOLO/Data/Source_Images/Test_Images/30.jpg,0,475,25,560,0,0.3254956305027008,1280,720
30.jpg,/Users/tiagohorta/TrainYourOwnYOLO/Data/Source_Images/Test_Images/30.jpg,234,74,265,94,0,0.3438573181629181,1280,720
30.jpg,/Users/tiagohorta/TrainYourOwnYOLO/Data/Source_Images/Test_Images/30.jpg,840,122,877,195,0,0.37635377049446106,1280,720
30.jpg,/Users/tiagohorta/TrainYourOwnYOLO/Data/Source_Images/Test_Images/30.jpg,98,100,134,134,0,0.46460387110710144,1280,720
30.jpg,/Users/tiagohorta/TrainYourOwnYOLO/Data/Source_Images/Test_Images/30.jpg,35,264,83,311,0,0.49268338084220886,1280,720
30.jpg,/Users/tiagohorta/TrainYourOwnYOLO/Data/Source_Images/Test_Images/30.jpg,221,25,242,47,0,0.5345483422279358,1280,720
30.jpg,/Users/tiagohorta/TrainYourOwnYOLO/Data/Source_Images/Test_Images/30.jpg,220,58,264,107,0,0.5724107623100281,1280,720
30.jpg,/Users/tiagohorta/TrainYourOwnYOLO/Data/Source_Images/Test_Images/30.jpg,223,35,242,55,0,0.6094737648963928,1280,720
30.jpg,/Users/tiagohorta/TrainYourOwnYOLO/Data/Source_Images/Test_Images/30.jpg,170,24,199,64,0,0.6687658429145813,1280,720
30.jpg,/Users/tiagohorta/TrainYourOwnYOLO/Data/Source_Images/Test_Images/30.jpg,364,419,404,472,0,0.704769492149353,1280,720
30.jpg,/Users/tiagohorta/TrainYourOwnYOLO/Data/Source_Images/Test_Images/30.jpg,47,59,80,85,0,0.756424069404602,1280,720
30.jpg,/Users/tiagohorta/TrainYourOwnYOLO/Data/Source_Images/Test_Images/30.jpg,558,9,586,46,0,0.8533449769020081,1280,720
30.jpg,/Users/tiagohorta/TrainYourOwnYOLO/Data/Source_Images/Test_Images/30.jpg,518,62,541,93,0,0.8964441418647766,1280,720
31.jpg,/Users/tiagohorta/TrainYourOwnYOLO/Data/Source_Images/Test_Images/31.jpg,0,481,27,551,0,0.273912250995636,1280,720
31.jpg,/Users/tiagohorta/TrainYourOwnYOLO/Data/Source_Images/Test_Images/31.jpg,199,20,216,32,0,0.30632150173187256,1280,720
31.jpg,/Users/tiagohorta/TrainYourOwnYOLO/Data/Source_Images/Test_Images/31.jpg,177,16,201,45,0,0.3765083849430084,1280,720
31.jpg,/Users/tiagohorta/TrainYourOwnYOLO/Data/Source_Images/Test_Images/31.jpg,318,30,339,55,0,0.3991127610206604,1280,720
31.jpg,/Users/tiagohorta/TrainYourOwnYOLO/Data/Source_Images/Test_Images/31.jpg,841,125,875,192,0,0.4104926586151123,1280,720
31.jpg,/Users/tiagohorta/TrainYourOwnYOLO/Data/Source_Images/Test_Images/31.jpg,300,419,356,463,0,0.4120138883590698,1280,720
31.jpg,/Users/tiagohorta/TrainYourOwnYOLO/Data/Source_Images/Test_Images/31.jpg,55,292,112,364,0,0.4176410138607025,1280,720
31.jpg,/Users/tiagohorta/TrainYourOwnYOLO/Data/Source_Images/Test_Images/31.jpg,220,21,236,52,0,0.42157042026519775,1280,720
31.jpg,/Users/tiagohorta/TrainYourOwnYOLO/Data/Source_Images/Test_Images/31.jpg,98,100,132,134,0,0.4722912609577179,1280,720
31.jpg,/Users/tiagohorta/TrainYourOwnYOLO/Data/Source_Images/Test_Images/31.jpg,28,259,91,302,0,0.47489818930625916,1280,720
31.jpg,/Users/tiagohorta/TrainYourOwnYOLO/Data/Source_Images/Test_Images/31.jpg,367,422,402,468,0,0.5108674168586731,1280,720
31.jpg,/Users/tiagohorta/TrainYourOwnYOLO/Data/Source_Images/Test_Images/31.jpg,170,26,198,62,0,0.5385815501213074,1280,720
31.jpg,/Users/tiagohorta/TrainYourOwnYOLO/Data/Source_Images/Test_Images/31.jpg,222,59,262,106,0,0.5526162981987,1280,720
31.jpg,/Users/tiagohorta/TrainYourOwnYOLO/Data/Source_Images/Test_Images/31.jpg,223,36,243,57,0,0.6344497799873352,1280,720
31.jpg,/Users/tiagohorta/TrainYourOwnYOLO/Data/Source_Images/Test_Images/31.jpg,313,19,343,51,0,0.648932695388794,1280,720
31.jpg,/Users/tiagohorta/TrainYourOwnYOLO/Data/Source_Images/Test_Images/31.jpg,267,17,290,52,0,0.6523759961128235,1280,720
31.jpg,/Users/tiagohorta/TrainYourOwnYOLO/Data/Source_Images/Test_Images/31.jpg,47,59,80,84,0,0.7035658955574036,1280,720
31.jpg,/Users/tiagohorta/TrainYourOwnYOLO/Data/Source_Images/Test_Images/31.jpg,1037,0,1062,39,0,0.7596105933189392,1280,720
31.jpg,/Users/tiagohorta/TrainYourOwnYOLO/Data/Source_Images/Test_Images/31.jpg,559,9,586,46,0,0.8560099601745605,1280,720
31.jpg,/Users/tiagohorta/TrainYourOwnYOLO/Data/Source_Images/Test_Images/31.jpg,517,62,540,92,0,0.8705127239227295,1280,720
25.jpg,/Users/tiagohorta/TrainYourOwnYOLO/Data/Source_Images/Test_Images/25.jpg,473,327,543,424,0,0.3055516183376312,1280,720
25.jpg,/Users/tiagohorta/TrainYourOwnYOLO/Data/Source_Images/Test_Images/25.jpg,112,0,159,9,0,0.3069392740726471,1280,720
25.jpg,/Users/tiagohorta/TrainYourOwnYOLO/Data/Source_Images/Test_Images/25.jpg,841,124,877,193,0,0.437017023563385,1280,720
25.jpg,/Users/tiagohorta/TrainYourOwnYOLO/Data/Source_Images/Test_Images/25.jpg,363,418,404,474,0,0.7283409833908081,1280,720
42.jpg,/Users/tiagohorta/TrainYourOwnYOLO/Data/Source_Images/Test_Images/42.jpg,260,0,278,37,0,0.37066972255706787,1280,720
42.jpg,/Users/tiagohorta/TrainYourOwnYOLO/Data/Source_Images/Test_Images/42.jpg,660,275,685,310,0,0.4005621671676636,1280,720
42.jpg,/Users/tiagohorta/TrainYourOwnYOLO/Data/Source_Images/Test_Images/42.jpg,649,300,692,345,0,0.45713815093040466,1280,720
42.jpg,/Users/tiagohorta/TrainYourOwnYOLO/Data/Source_Images/Test_Images/42.jpg,638,278,700,372,0,0.49074867367744446,1280,720
42.jpg,/Users/tiagohorta/TrainYourOwnYOLO/Data/Source_Images/Test_Images/42.jpg,270,4,284,31,0,0.497143030166626,1280,720
42.jpg,/Users/tiagohorta/TrainYourOwnYOLO/Data/Source_Images/Test_Images/42.jpg,664,264,690,294,0,0.593133807182312,1280,720
42.jpg,/Users/tiagohorta/TrainYourOwnYOLO/Data/Source_Images/Test_Images/42.jpg,113,641,172,700,0,0.6056405305862427,1280,720
42.jpg,/Users/tiagohorta/TrainYourOwnYOLO/Data/Source_Images/Test_Images/42.jpg,257,0,294,29,0,0.6694155335426331,1280,720
4.jpg,/Users/tiagohorta/TrainYourOwnYOLO/Data/Source_Images/Test_Images/4.jpg,734,410,762,477,0,0.25026243925094604,1280,720
4.jpg,/Users/tiagohorta/TrainYourOwnYOLO/Data/Source_Images/Test_Images/4.jpg,999,67,1038,105,0,0.25327786803245544,1280,720
4.jpg,/Users/tiagohorta/TrainYourOwnYOLO/Data/Source_Images/Test_Images/4.jpg,683,413,719,476,0,0.2621177136898041,1280,720
4.jpg,/Users/tiagohorta/TrainYourOwnYOLO/Data/Source_Images/Test_Images/4.jpg,248,65,280,101,0,0.26317286491394043,1280,720
4.jpg,/Users/tiagohorta/TrainYourOwnYOLO/Data/Source_Images/Test_Images/4.jpg,442,65,466,92,0,0.28352463245391846,1280,720
4.jpg,/Users/tiagohorta/TrainYourOwnYOLO/Data/Source_Images/Test_Images/4.jpg,538,79,560,117,0,0.3006148338317871,1280,720
4.jpg,/Users/tiagohorta/TrainYourOwnYOLO/Data/Source_Images/Test_Images/4.jpg,387,7,411,50,0,0.3337028920650482,1280,720
4.jpg,/Users/tiagohorta/TrainYourOwnYOLO/Data/Source_Images/Test_Images/4.jpg,465,17,486,44,0,0.34840333461761475,1280,720
4.jpg,/Users/tiagohorta/TrainYourOwnYOLO/Data/Source_Images/Test_Images/4.jpg,408,395,445,486,0,0.35588619112968445,1280,720
4.jpg,/Users/tiagohorta/TrainYourOwnYOLO/Data/Source_Images/Test_Images/4.jpg,658,80,681,118,0,0.3682345449924469,1280,720
4.jpg,/Users/tiagohorta/TrainYourOwnYOLO/Data/Source_Images/Test_Images/4.jpg,778,158,808,237,0,0.38924694061279297,1280,720
4.jpg,/Users/tiagohorta/TrainYourOwnYOLO/Data/Source_Images/Test_Images/4.jpg,460,180,498,225,0,0.416930228471756,1280,720
4.jpg,/Users/tiagohorta/TrainYourOwnYOLO/Data/Source_Images/Test_Images/4.jpg,463,80,490,125,0,0.4189704954624176,1280,720
4.jpg,/Users/tiagohorta/TrainYourOwnYOLO/Data/Source_Images/Test_Images/4.jpg,669,180,697,216,0,0.42897123098373413,1280,720
4.jpg,/Users/tiagohorta/TrainYourOwnYOLO/Data/Source_Images/Test_Images/4.jpg,620,84,648,118,0,0.47021424770355225,1280,720
4.jpg,/Users/tiagohorta/TrainYourOwnYOLO/Data/Source_Images/Test_Images/4.jpg,284,175,324,233,0,0.4744914770126343,1280,720
4.jpg,/Users/tiagohorta/TrainYourOwnYOLO/Data/Source_Images/Test_Images/4.jpg,347,180,379,230,0,0.48121941089630127,1280,720
4.jpg,/Users/tiagohorta/TrainYourOwnYOLO/Data/Source_Images/Test_Images/4.jpg,367,84,403,123,0,0.48335275053977966,1280,720
56.jpg,/Users/tiagohorta/TrainYourOwnYOLO/Data/Source_Images/Test_Images/56.jpg,219,59,269,108,0,0.3256167769432068,1280,720
56.jpg,/Users/tiagohorta/TrainYourOwnYOLO/Data/Source_Images/Test_Images/56.jpg,660,276,684,309,0,0.3508201241493225,1280,720
56.jpg,/Users/tiagohorta/TrainYourOwnYOLO/Data/Source_Images/Test_Images/56.jpg,251,8,274,36,0,0.3795108199119568,1280,720
56.jpg,/Users/tiagohorta/TrainYourOwnYOLO/Data/Source_Images/Test_Images/56.jpg,407,299,457,360,0,0.38961079716682434,1280,720
56.jpg,/Users/tiagohorta/TrainYourOwnYOLO/Data/Source_Images/Test_Images/56.jpg,247,2,279,22,0,0.3925606310367584,1280,720
56.jpg,/Users/tiagohorta/TrainYourOwnYOLO/Data/Source_Images/Test_Images/56.jpg,651,303,690,342,0,0.4313284754753113,1280,720
56.jpg,/Users/tiagohorta/TrainYourOwnYOLO/Data/Source_Images/Test_Images/56.jpg,230,70,271,96,0,0.43541231751441956,1280,720
56.jpg,/Users/tiagohorta/TrainYourOwnYOLO/Data/Source_Images/Test_Images/56.jpg,424,0,455,20,0,0.4558539092540741,1280,720
56.jpg,/Users/tiagohorta/TrainYourOwnYOLO/Data/Source_Images/Test_Images/56.jpg,219,19,243,50,0,0.4753691256046295,1280,720
56.jpg,/Users/tiagohorta/TrainYourOwnYOLO/Data/Source_Images/Test_Images/56.jpg,511,0,532,23,0,0.5172450542449951,1280,720
56.jpg,/Users/tiagohorta/TrainYourOwnYOLO/Data/Source_Images/Test_Images/56.jpg,663,264,691,295,0,0.566757321357727,1280,720
56.jpg,/Users/tiagohorta/TrainYourOwnYOLO/Data/Source_Images/Test_Images/56.jpg,129,76,153,108,0,0.5693584084510803,1280,720
56.jpg,/Users/tiagohorta/TrainYourOwnYOLO/Data/Source_Images/Test_Images/56.jpg,117,641,167,697,0,0.622930109500885,1280,720
56.jpg,/Users/tiagohorta/TrainYourOwnYOLO/Data/Source_Images/Test_Images/56.jpg,198,17,218,36,0,0.6243218779563904,1280,720
56.jpg,/Users/tiagohorta/TrainYourOwnYOLO/Data/Source_Images/Test_Images/56.jpg,175,31,200,58,0,0.673453688621521,1280,720
56.jpg,/Users/tiagohorta/TrainYourOwnYOLO/Data/Source_Images/Test_Images/56.jpg,514,64,540,94,0,0.7242838740348816,1280,720
56.jpg,/Users/tiagohorta/TrainYourOwnYOLO/Data/Source_Images/Test_Images/56.jpg,313,10,340,43,0,0.730919361114502,1280,720
56.jpg,/Users/tiagohorta/TrainYourOwnYOLO/Data/Source_Images/Test_Images/56.jpg,36,160,79,194,0,0.7559873461723328,1280,720
56.jpg,/Users/tiagohorta/TrainYourOwnYOLO/Data/Source_Images/Test_Images/56.jpg,217,32,251,59,0,0.7594780921936035,1280,720
56.jpg,/Users/tiagohorta/TrainYourOwnYOLO/Data/Source_Images/Test_Images/56.jpg,561,12,589,44,0,0.7651978135108948,1280,720
5.jpg,/Users/tiagohorta/TrainYourOwnYOLO/Data/Source_Images/Test_Images/5.jpg,682,414,719,473,0,0.25541746616363525,1280,720
5.jpg,/Users/tiagohorta/TrainYourOwnYOLO/Data/Source_Images/Test_Images/5.jpg,779,49,809,88,0,0.2661476135253906,1280,720
5.jpg,/Users/tiagohorta/TrainYourOwnYOLO/Data/Source_Images/Test_Images/5.jpg,876,81,905,111,0,0.27151814103126526,1280,720
5.jpg,/Users/tiagohorta/TrainYourOwnYOLO/Data/Source_Images/Test_Images/5.jpg,994,69,1039,112,0,0.28189826011657715,1280,720
5.jpg,/Users/tiagohorta/TrainYourOwnYOLO/Data/Source_Images/Test_Images/5.jpg,538,80,560,115,0,0.28620970249176025,1280,720
5.jpg,/Users/tiagohorta/TrainYourOwnYOLO/Data/Source_Images/Test_Images/5.jpg,914,158,966,231,0,0.28891223669052124,1280,720
5.jpg,/Users/tiagohorta/TrainYourOwnYOLO/Data/Source_Images/Test_Images/5.jpg,767,289,790,367,0,0.29909709095954895,1280,720
5.jpg,/Users/tiagohorta/TrainYourOwnYOLO/Data/Source_Images/Test_Images/5.jpg,467,15,485,47,0,0.310423880815506,1280,720
5.jpg,/Users/tiagohorta/TrainYourOwnYOLO/Data/Source_Images/Test_Images/5.jpg,658,81,681,116,0,0.31493040919303894,1280,720
5.jpg,/Users/tiagohorta/TrainYourOwnYOLO/Data/Source_Images/Test_Images/5.jpg,386,8,412,49,0,0.32514238357543945,1280,720
5.jpg,/Users/tiagohorta/TrainYourOwnYOLO/Data/Source_Images/Test_Images/5.jpg,441,64,464,94,0,0.34709838032722473,1280,720
5.jpg,/Users/tiagohorta/TrainYourOwnYOLO/Data/Source_Images/Test_Images/5.jpg,463,81,490,125,0,0.36990058422088623,1280,720
5.jpg,/Users/tiagohorta/TrainYourOwnYOLO/Data/Source_Images/Test_Images/5.jpg,778,160,808,236,0,0.4097314774990082,1280,720
5.jpg,/Users/tiagohorta/TrainYourOwnYOLO/Data/Source_Images/Test_Images/5.jpg,669,179,696,216,0,0.4438789188861847,1280,720
5.jpg,/Users/tiagohorta/TrainYourOwnYOLO/Data/Source_Images/Test_Images/5.jpg,457,179,499,228,0,0.4542049169540405,1280,720
5.jpg,/Users/tiagohorta/TrainYourOwnYOLO/Data/Source_Images/Test_Images/5.jpg,620,84,649,118,0,0.46291786432266235,1280,720
5.jpg,/Users/tiagohorta/TrainYourOwnYOLO/Data/Source_Images/Test_Images/5.jpg,285,177,322,232,0,0.46520471572875977,1280,720
5.jpg,/Users/tiagohorta/TrainYourOwnYOLO/Data/Source_Images/Test_Images/5.jpg,367,84,403,122,0,0.47931864857673645,1280,720
5.jpg,/Users/tiagohorta/TrainYourOwnYOLO/Data/Source_Images/Test_Images/5.jpg,345,180,379,230,0,0.49693578481674194,1280,720
5.jpg,/Users/tiagohorta/TrainYourOwnYOLO/Data/Source_Images/Test_Images/5.jpg,533,174,564,230,0,0.6102673411369324,1280,720
57.jpg,/Users/tiagohorta/TrainYourOwnYOLO/Data/Source_Images/Test_Images/57.jpg,223,19,242,49,0,0.3587021827697754,1280,720
57.jpg,/Users/tiagohorta/TrainYourOwnYOLO/Data/Source_Images/Test_Images/57.jpg,638,288,701,363,0,0.36827552318573,1280,720
57.jpg,/Users/tiagohorta/TrainYourOwnYOLO/Data/Source_Images/Test_Images/57.jpg,652,303,690,343,0,0.38578131794929504,1280,720
57.jpg,/Users/tiagohorta/TrainYourOwnYOLO/Data/Source_Images/Test_Images/57.jpg,158,194,200,236,0,0.40672048926353455,1280,720
57.jpg,/Users/tiagohorta/TrainYourOwnYOLO/Data/Source_Images/Test_Images/57.jpg,226,62,259,102,0,0.4094943106174469,1280,720
57.jpg,/Users/tiagohorta/TrainYourOwnYOLO/Data/Source_Images/Test_Images/57.jpg,511,0,532,23,0,0.4113597571849823,1280,720
57.jpg,/Users/tiagohorta/TrainYourOwnYOLO/Data/Source_Images/Test_Images/57.jpg,198,18,219,36,0,0.4126501679420471,1280,720
57.jpg,/Users/tiagohorta/TrainYourOwnYOLO/Data/Source_Images/Test_Images/57.jpg,340,21,362,47,0,0.45286038517951965,1280,720
57.jpg,/Users/tiagohorta/TrainYourOwnYOLO/Data/Source_Images/Test_Images/57.jpg,424,0,454,20,0,0.4537348747253418,1280,720
57.jpg,/Users/tiagohorta/TrainYourOwnYOLO/Data/Source_Images/Test_Images/57.jpg,406,297,457,363,0,0.4636935591697693,1280,720
57.jpg,/Users/tiagohorta/TrainYourOwnYOLO/Data/Source_Images/Test_Images/57.jpg,125,73,154,111,0,0.49679872393608093,1280,720
57.jpg,/Users/tiagohorta/TrainYourOwnYOLO/Data/Source_Images/Test_Images/57.jpg,320,19,350,37,0,0.5139437913894653,1280,720
57.jpg,/Users/tiagohorta/TrainYourOwnYOLO/Data/Source_Images/Test_Images/57.jpg,219,34,249,56,0,0.569532573223114,1280,720
57.jpg,/Users/tiagohorta/TrainYourOwnYOLO/Data/Source_Images/Test_Images/57.jpg,177,58,205,108,0,0.5819611549377441,1280,720
57.jpg,/Users/tiagohorta/TrainYourOwnYOLO/Data/Source_Images/Test_Images/57.jpg,114,645,170,695,0,0.5993657112121582,1280,720
57.jpg,/Users/tiagohorta/TrainYourOwnYOLO/Data/Source_Images/Test_Images/57.jpg,663,263,690,296,0,0.6054084300994873,1280,720
57.jpg,/Users/tiagohorta/TrainYourOwnYOLO/Data/Source_Images/Test_Images/57.jpg,513,64,540,95,0,0.6746394038200378,1280,720
57.jpg,/Users/tiagohorta/TrainYourOwnYOLO/Data/Source_Images/Test_Images/57.jpg,464,83,486,124,0,0.6800957918167114,1280,720
57.jpg,/Users/tiagohorta/TrainYourOwnYOLO/Data/Source_Images/Test_Images/57.jpg,36,162,77,194,0,0.7008559107780457,1280,720
57.jpg,/Users/tiagohorta/TrainYourOwnYOLO/Data/Source_Images/Test_Images/57.jpg,560,11,589,45,0,0.7666945457458496,1280,720
43.jpg,/Users/tiagohorta/TrainYourOwnYOLO/Data/Source_Images/Test_Images/43.jpg,661,275,683,311,0,0.3573422431945801,1280,720
43.jpg,/Users/tiagohorta/TrainYourOwnYOLO/Data/Source_Images/Test_Images/43.jpg,261,0,277,38,0,0.4014870226383209,1280,720
43.jpg,/Users/tiagohorta/TrainYourOwnYOLO/Data/Source_Images/Test_Images/43.jpg,638,280,700,369,0,0.4582212567329407,1280,720
43.jpg,/Users/tiagohorta/TrainYourOwnYOLO/Data/Source_Images/Test_Images/43.jpg,650,300,692,344,0,0.4586537778377533,1280,720
43.jpg,/Users/tiagohorta/TrainYourOwnYOLO/Data/Source_Images/Test_Images/43.jpg,269,3,284,32,0,0.5321195721626282,1280,720
43.jpg,/Users/tiagohorta/TrainYourOwnYOLO/Data/Source_Images/Test_Images/43.jpg,663,262,691,296,0,0.598419725894928,1280,720
43.jpg,/Users/tiagohorta/TrainYourOwnYOLO/Data/Source_Images/Test_Images/43.jpg,113,642,172,699,0,0.617864727973938,1280,720
43.jpg,/Users/tiagohorta/TrainYourOwnYOLO/Data/Source_Images/Test_Images/43.jpg,256,0,294,29,0,0.6482747197151184,1280,720
55.jpg,/Users/tiagohorta/TrainYourOwnYOLO/Data/Source_Images/Test_Images/55.jpg,194,2,221,21,0,0.3386828601360321,1280,720
55.jpg,/Users/tiagohorta/TrainYourOwnYOLO/Data/Source_Images/Test_Images/55.jpg,265,0,286,26,0,0.36453065276145935,1280,720
55.jpg,/Users/tiagohorta/TrainYourOwnYOLO/Data/Source_Images/Test_Images/55.jpg,639,284,700,366,0,0.37311941385269165,1280,720
55.jpg,/Users/tiagohorta/TrainYourOwnYOLO/Data/Source_Images/Test_Images/55.jpg,217,58,269,108,0,0.3967742621898651,1280,720
55.jpg,/Users/tiagohorta/TrainYourOwnYOLO/Data/Source_Images/Test_Images/55.jpg,248,9,273,32,0,0.4022999703884125,1280,720
55.jpg,/Users/tiagohorta/TrainYourOwnYOLO/Data/Source_Images/Test_Images/55.jpg,660,275,684,309,0,0.4141834080219269,1280,720
55.jpg,/Users/tiagohorta/TrainYourOwnYOLO/Data/Source_Images/Test_Images/55.jpg,246,1,283,21,0,0.4218508303165436,1280,720
55.jpg,/Users/tiagohorta/TrainYourOwnYOLO/Data/Source_Images/Test_Images/55.jpg,229,72,271,96,0,0.44428887963294983,1280,720
55.jpg,/Users/tiagohorta/TrainYourOwnYOLO/Data/Source_Images/Test_Images/55.jpg,650,303,692,342,0,0.46735110878944397,1280,720
55.jpg,/Users/tiagohorta/TrainYourOwnYOLO/Data/Source_Images/Test_Images/55.jpg,221,18,244,50,0,0.546297013759613,1280,720
55.jpg,/Users/tiagohorta/TrainYourOwnYOLO/Data/Source_Images/Test_Images/55.jpg,114,643,171,698,0,0.5780536532402039,1280,720
55.jpg,/Users/tiagohorta/TrainYourOwnYOLO/Data/Source_Images/Test_Images/55.jpg,509,0,534,25,0,0.5914605855941772,1280,720
55.jpg,/Users/tiagohorta/TrainYourOwnYOLO/Data/Source_Images/Test_Images/55.jpg,129,75,154,110,0,0.5962058305740356,1280,720
55.jpg,/Users/tiagohorta/TrainYourOwnYOLO/Data/Source_Images/Test_Images/55.jpg,664,263,692,296,0,0.6127921938896179,1280,720
55.jpg,/Users/tiagohorta/TrainYourOwnYOLO/Data/Source_Images/Test_Images/55.jpg,198,19,218,36,0,0.6517025232315063,1280,720
55.jpg,/Users/tiagohorta/TrainYourOwnYOLO/Data/Source_Images/Test_Images/55.jpg,36,161,79,194,0,0.7336495518684387,1280,720
55.jpg,/Users/tiagohorta/TrainYourOwnYOLO/Data/Source_Images/Test_Images/55.jpg,175,33,202,56,0,0.7417066693305969,1280,720
55.jpg,/Users/tiagohorta/TrainYourOwnYOLO/Data/Source_Images/Test_Images/55.jpg,562,8,588,45,0,0.7898089289665222,1280,720
55.jpg,/Users/tiagohorta/TrainYourOwnYOLO/Data/Source_Images/Test_Images/55.jpg,218,32,251,59,0,0.7963284254074097,1280,720
55.jpg,/Users/tiagohorta/TrainYourOwnYOLO/Data/Source_Images/Test_Images/55.jpg,315,15,341,53,0,0.800195574760437,1280,720
7.jpg,/Users/tiagohorta/TrainYourOwnYOLO/Data/Source_Images/Test_Images/7.jpg,421,298,449,359,0,0.29516857862472534,1280,720
7.jpg,/Users/tiagohorta/TrainYourOwnYOLO/Data/Source_Images/Test_Images/7.jpg,243,155,278,186,0,0.30618545413017273,1280,720
7.jpg,/Users/tiagohorta/TrainYourOwnYOLO/Data/Source_Images/Test_Images/7.jpg,408,179,446,228,0,0.30872780084609985,1280,720
7.jpg,/Users/tiagohorta/TrainYourOwnYOLO/Data/Source_Images/Test_Images/7.jpg,418,103,454,136,0,0.31505832076072693,1280,720
7.jpg,/Users/tiagohorta/TrainYourOwnYOLO/Data/Source_Images/Test_Images/7.jpg,499,252,548,309,0,0.3232659101486206,1280,720
7.jpg,/Users/tiagohorta/TrainYourOwnYOLO/Data/Source_Images/Test_Images/7.jpg,466,80,490,124,0,0.34908121824264526,1280,720
7.jpg,/Users/tiagohorta/TrainYourOwnYOLO/Data/Source_Images/Test_Images/7.jpg,308,415,349,468,0,0.35341036319732666,1280,720
7.jpg,/Users/tiagohorta/TrainYourOwnYOLO/Data/Source_Images/Test_Images/7.jpg,366,413,400,474,0,0.3840278685092926,1280,720
7.jpg,/Users/tiagohorta/TrainYourOwnYOLO/Data/Source_Images/Test_Images/7.jpg,215,102,246,144,0,0.389159232378006,1280,720
7.jpg,/Users/tiagohorta/TrainYourOwnYOLO/Data/Source_Images/Test_Images/7.jpg,538,50,570,95,0,0.3927438259124756,1280,720
7.jpg,/Users/tiagohorta/TrainYourOwnYOLO/Data/Source_Images/Test_Images/7.jpg,511,145,545,188,0,0.4044959843158722,1280,720
7.jpg,/Users/tiagohorta/TrainYourOwnYOLO/Data/Source_Images/Test_Images/7.jpg,535,302,567,354,0,0.40993258357048035,1280,720
7.jpg,/Users/tiagohorta/TrainYourOwnYOLO/Data/Source_Images/Test_Images/7.jpg,64,294,101,361,0,0.4118761122226715,1280,720
7.jpg,/Users/tiagohorta/TrainYourOwnYOLO/Data/Source_Images/Test_Images/7.jpg,719,10,747,38,0,0.4163514971733093,1280,720
7.jpg,/Users/tiagohorta/TrainYourOwnYOLO/Data/Source_Images/Test_Images/7.jpg,1031,0,1062,25,0,0.4213012754917145,1280,720
7.jpg,/Users/tiagohorta/TrainYourOwnYOLO/Data/Source_Images/Test_Images/7.jpg,841,130,875,184,0,0.48448655009269714,1280,720
7.jpg,/Users/tiagohorta/TrainYourOwnYOLO/Data/Source_Images/Test_Images/7.jpg,686,54,715,90,0,0.5381256341934204,1280,720
7.jpg,/Users/tiagohorta/TrainYourOwnYOLO/Data/Source_Images/Test_Images/7.jpg,807,50,835,87,0,0.6036369204521179,1280,720
7.jpg,/Users/tiagohorta/TrainYourOwnYOLO/Data/Source_Images/Test_Images/7.jpg,714,84,740,113,0,0.6646245121955872,1280,720
7.jpg,/Users/tiagohorta/TrainYourOwnYOLO/Data/Source_Images/Test_Images/7.jpg,589,79,620,120,0,0.7062193751335144,1280,720
41.jpg,/Users/tiagohorta/TrainYourOwnYOLO/Data/Source_Images/Test_Images/41.jpg,260,0,277,38,0,0.40863242745399475,1280,720
41.jpg,/Users/tiagohorta/TrainYourOwnYOLO/Data/Source_Images/Test_Images/41.jpg,659,275,685,310,0,0.430835485458374,1280,720
41.jpg,/Users/tiagohorta/TrainYourOwnYOLO/Data/Source_Images/Test_Images/41.jpg,650,299,692,346,0,0.44654908776283264,1280,720
41.jpg,/Users/tiagohorta/TrainYourOwnYOLO/Data/Source_Images/Test_Images/41.jpg,637,274,701,377,0,0.48859623074531555,1280,720
41.jpg,/Users/tiagohorta/TrainYourOwnYOLO/Data/Source_Images/Test_Images/41.jpg,269,3,284,32,0,0.5573723316192627,1280,720
41.jpg,/Users/tiagohorta/TrainYourOwnYOLO/Data/Source_Images/Test_Images/41.jpg,664,264,689,294,0,0.5935425758361816,1280,720
41.jpg,/Users/tiagohorta/TrainYourOwnYOLO/Data/Source_Images/Test_Images/41.jpg,115,640,169,698,0,0.6162154674530029,1280,720
41.jpg,/Users/tiagohorta/TrainYourOwnYOLO/Data/Source_Images/Test_Images/41.jpg,257,0,294,28,0,0.6223682165145874,1280,720
40.jpg,/Users/tiagohorta/TrainYourOwnYOLO/Data/Source_Images/Test_Images/40.jpg,260,0,277,38,0,0.42653003334999084,1280,720
40.jpg,/Users/tiagohorta/TrainYourOwnYOLO/Data/Source_Images/Test_Images/40.jpg,660,275,684,310,0,0.43368640542030334,1280,720
40.jpg,/Users/tiagohorta/TrainYourOwnYOLO/Data/Source_Images/Test_Images/40.jpg,637,275,701,376,0,0.4357069730758667,1280,720
40.jpg,/Users/tiagohorta/TrainYourOwnYOLO/Data/Source_Images/Test_Images/40.jpg,650,301,691,345,0,0.4956934154033661,1280,720
40.jpg,/Users/tiagohorta/TrainYourOwnYOLO/Data/Source_Images/Test_Images/40.jpg,269,3,283,32,0,0.5136555433273315,1280,720
40.jpg,/Users/tiagohorta/TrainYourOwnYOLO/Data/Source_Images/Test_Images/40.jpg,113,638,171,698,0,0.5765232443809509,1280,720
40.jpg,/Users/tiagohorta/TrainYourOwnYOLO/Data/Source_Images/Test_Images/40.jpg,663,262,690,296,0,0.6293066143989563,1280,720
40.jpg,/Users/tiagohorta/TrainYourOwnYOLO/Data/Source_Images/Test_Images/40.jpg,256,0,294,29,0,0.681606650352478,1280,720
54.jpg,/Users/tiagohorta/TrainYourOwnYOLO/Data/Source_Images/Test_Images/54.jpg,637,283,702,368,0,0.32581421732902527,1280,720
54.jpg,/Users/tiagohorta/TrainYourOwnYOLO/Data/Source_Images/Test_Images/54.jpg,264,0,289,25,0,0.3943430781364441,1280,720
54.jpg,/Users/tiagohorta/TrainYourOwnYOLO/Data/Source_Images/Test_Images/54.jpg,270,0,285,39,0,0.4257638454437256,1280,720
54.jpg,/Users/tiagohorta/TrainYourOwnYOLO/Data/Source_Images/Test_Images/54.jpg,661,275,684,309,0,0.4322483539581299,1280,720
54.jpg,/Users/tiagohorta/TrainYourOwnYOLO/Data/Source_Images/Test_Images/54.jpg,258,3,278,37,0,0.44362229108810425,1280,720
54.jpg,/Users/tiagohorta/TrainYourOwnYOLO/Data/Source_Images/Test_Images/54.jpg,651,304,691,342,0,0.44381698966026306,1280,720
54.jpg,/Users/tiagohorta/TrainYourOwnYOLO/Data/Source_Images/Test_Images/54.jpg,169,0,201,15,0,0.5262635350227356,1280,720
54.jpg,/Users/tiagohorta/TrainYourOwnYOLO/Data/Source_Images/Test_Images/54.jpg,127,69,154,116,0,0.5757920145988464,1280,720
54.jpg,/Users/tiagohorta/TrainYourOwnYOLO/Data/Source_Images/Test_Images/54.jpg,116,643,168,698,0,0.5967339873313904,1280,720
54.jpg,/Users/tiagohorta/TrainYourOwnYOLO/Data/Source_Images/Test_Images/54.jpg,663,262,692,297,0,0.6362011432647705,1280,720
54.jpg,/Users/tiagohorta/TrainYourOwnYOLO/Data/Source_Images/Test_Images/54.jpg,315,19,339,50,0,0.7169926166534424,1280,720
54.jpg,/Users/tiagohorta/TrainYourOwnYOLO/Data/Source_Images/Test_Images/54.jpg,197,9,217,37,0,0.7217010855674744,1280,720
54.jpg,/Users/tiagohorta/TrainYourOwnYOLO/Data/Source_Images/Test_Images/54.jpg,177,32,202,55,0,0.7640237212181091,1280,720
54.jpg,/Users/tiagohorta/TrainYourOwnYOLO/Data/Source_Images/Test_Images/54.jpg,561,10,588,44,0,0.8008964657783508,1280,720
6.jpg,/Users/tiagohorta/TrainYourOwnYOLO/Data/Source_Images/Test_Images/6.jpg,996,71,1037,111,0,0.2636525630950928,1280,720
6.jpg,/Users/tiagohorta/TrainYourOwnYOLO/Data/Source_Images/Test_Images/6.jpg,682,414,720,474,0,0.2696431875228882,1280,720
6.jpg,/Users/tiagohorta/TrainYourOwnYOLO/Data/Source_Images/Test_Images/6.jpg,734,289,763,365,0,0.28004172444343567,1280,720
6.jpg,/Users/tiagohorta/TrainYourOwnYOLO/Data/Source_Images/Test_Images/6.jpg,768,289,791,367,0,0.2997452914714813,1280,720
6.jpg,/Users/tiagohorta/TrainYourOwnYOLO/Data/Source_Images/Test_Images/6.jpg,439,63,462,97,0,0.3274473249912262,1280,720
6.jpg,/Users/tiagohorta/TrainYourOwnYOLO/Data/Source_Images/Test_Images/6.jpg,386,8,412,51,0,0.32821306586265564,1280,720
6.jpg,/Users/tiagohorta/TrainYourOwnYOLO/Data/Source_Images/Test_Images/6.jpg,915,158,965,234,0,0.33406153321266174,1280,720
6.jpg,/Users/tiagohorta/TrainYourOwnYOLO/Data/Source_Images/Test_Images/6.jpg,421,65,443,92,0,0.3466487526893616,1280,720
6.jpg,/Users/tiagohorta/TrainYourOwnYOLO/Data/Source_Images/Test_Images/6.jpg,658,80,681,116,0,0.3569869101047516,1280,720
6.jpg,/Users/tiagohorta/TrainYourOwnYOLO/Data/Source_Images/Test_Images/6.jpg,876,79,903,115,0,0.36345991492271423,1280,720
6.jpg,/Users/tiagohorta/TrainYourOwnYOLO/Data/Source_Images/Test_Images/6.jpg,467,16,486,46,0,0.36754998564720154,1280,720
6.jpg,/Users/tiagohorta/TrainYourOwnYOLO/Data/Source_Images/Test_Images/6.jpg,219,179,253,225,0,0.3761982023715973,1280,720
6.jpg,/Users/tiagohorta/TrainYourOwnYOLO/Data/Source_Images/Test_Images/6.jpg,777,161,809,237,0,0.4367700517177582,1280,720
6.jpg,/Users/tiagohorta/TrainYourOwnYOLO/Data/Source_Images/Test_Images/6.jpg,346,181,379,230,0,0.4550703763961792,1280,720
6.jpg,/Users/tiagohorta/TrainYourOwnYOLO/Data/Source_Images/Test_Images/6.jpg,668,178,698,216,0,0.45732688903808594,1280,720
6.jpg,/Users/tiagohorta/TrainYourOwnYOLO/Data/Source_Images/Test_Images/6.jpg,283,177,323,231,0,0.46631520986557007,1280,720
6.jpg,/Users/tiagohorta/TrainYourOwnYOLO/Data/Source_Images/Test_Images/6.jpg,622,85,647,117,0,0.4870466887950897,1280,720
6.jpg,/Users/tiagohorta/TrainYourOwnYOLO/Data/Source_Images/Test_Images/6.jpg,458,179,499,229,0,0.4880068004131317,1280,720
6.jpg,/Users/tiagohorta/TrainYourOwnYOLO/Data/Source_Images/Test_Images/6.jpg,366,83,403,123,0,0.520914614200592,1280,720
6.jpg,/Users/tiagohorta/TrainYourOwnYOLO/Data/Source_Images/Test_Images/6.jpg,533,173,564,230,0,0.6081510186195374,1280,720
2.jpg,/Users/tiagohorta/TrainYourOwnYOLO/Data/Source_Images/Test_Images/2.jpg,536,293,570,359,0,0.2508071959018707,1280,720
2.jpg,/Users/tiagohorta/TrainYourOwnYOLO/Data/Source_Images/Test_Images/2.jpg,684,414,716,474,0,0.26331570744514465,1280,720
2.jpg,/Users/tiagohorta/TrainYourOwnYOLO/Data/Source_Images/Test_Images/2.jpg,711,51,748,85,0,0.2722334563732147,1280,720
2.jpg,/Users/tiagohorta/TrainYourOwnYOLO/Data/Source_Images/Test_Images/2.jpg,657,78,682,117,0,0.2906816303730011,1280,720
2.jpg,/Users/tiagohorta/TrainYourOwnYOLO/Data/Source_Images/Test_Images/2.jpg,464,181,497,223,0,0.29704511165618896,1280,720
2.jpg,/Users/tiagohorta/TrainYourOwnYOLO/Data/Source_Images/Test_Images/2.jpg,571,57,599,94,0,0.2972361445426941,1280,720
2.jpg,/Users/tiagohorta/TrainYourOwnYOLO/Data/Source_Images/Test_Images/2.jpg,770,281,791,374,0,0.3161734342575073,1280,720
2.jpg,/Users/tiagohorta/TrainYourOwnYOLO/Data/Source_Images/Test_Images/2.jpg,998,66,1038,104,0,0.32587575912475586,1280,720
2.jpg,/Users/tiagohorta/TrainYourOwnYOLO/Data/Source_Images/Test_Images/2.jpg,465,82,487,124,0,0.3579888343811035,1280,720
2.jpg,/Users/tiagohorta/TrainYourOwnYOLO/Data/Source_Images/Test_Images/2.jpg,915,157,965,233,0,0.37080761790275574,1280,720
2.jpg,/Users/tiagohorta/TrainYourOwnYOLO/Data/Source_Images/Test_Images/2.jpg,344,178,382,230,0,0.4205707907676697,1280,720
2.jpg,/Users/tiagohorta/TrainYourOwnYOLO/Data/Source_Images/Test_Images/2.jpg,619,83,649,118,0,0.454593688249588,1280,720
2.jpg,/Users/tiagohorta/TrainYourOwnYOLO/Data/Source_Images/Test_Images/2.jpg,366,87,402,122,0,0.4707599878311157,1280,720
2.jpg,/Users/tiagohorta/TrainYourOwnYOLO/Data/Source_Images/Test_Images/2.jpg,669,178,697,216,0,0.4816562831401825,1280,720
2.jpg,/Users/tiagohorta/TrainYourOwnYOLO/Data/Source_Images/Test_Images/2.jpg,286,175,324,231,0,0.5106316804885864,1280,720
50.jpg,/Users/tiagohorta/TrainYourOwnYOLO/Data/Source_Images/Test_Images/50.jpg,182,25,200,49,0,0.28581637144088745,1280,720
50.jpg,/Users/tiagohorta/TrainYourOwnYOLO/Data/Source_Images/Test_Images/50.jpg,637,283,701,367,0,0.3485254943370819,1280,720
50.jpg,/Users/tiagohorta/TrainYourOwnYOLO/Data/Source_Images/Test_Images/50.jpg,271,0,284,40,0,0.3584241569042206,1280,720
50.jpg,/Users/tiagohorta/TrainYourOwnYOLO/Data/Source_Images/Test_Images/50.jpg,661,275,683,310,0,0.38928496837615967,1280,720
50.jpg,/Users/tiagohorta/TrainYourOwnYOLO/Data/Source_Images/Test_Images/50.jpg,259,2,279,37,0,0.44874995946884155,1280,720
50.jpg,/Users/tiagohorta/TrainYourOwnYOLO/Data/Source_Images/Test_Images/50.jpg,651,304,691,342,0,0.47167670726776123,1280,720
50.jpg,/Users/tiagohorta/TrainYourOwnYOLO/Data/Source_Images/Test_Images/50.jpg,262,0,290,28,0,0.5448935031890869,1280,720
50.jpg,/Users/tiagohorta/TrainYourOwnYOLO/Data/Source_Images/Test_Images/50.jpg,112,642,172,699,0,0.6210923194885254,1280,720
50.jpg,/Users/tiagohorta/TrainYourOwnYOLO/Data/Source_Images/Test_Images/50.jpg,663,262,692,296,0,0.6320387125015259,1280,720
50.jpg,/Users/tiagohorta/TrainYourOwnYOLO/Data/Source_Images/Test_Images/50.jpg,316,18,339,51,0,0.7769626379013062,1280,720
50.jpg,/Users/tiagohorta/TrainYourOwnYOLO/Data/Source_Images/Test_Images/50.jpg,561,11,588,45,0,0.8255372643470764,1280,720
50.jpg,/Users/tiagohorta/TrainYourOwnYOLO/Data/Source_Images/Test_Images/50.jpg,172,27,205,59,0,0.8840183019638062,1280,720
44.jpg,/Users/tiagohorta/TrainYourOwnYOLO/Data/Source_Images/Test_Images/44.jpg,260,0,277,38,0,0.3619571030139923,1280,720
44.jpg,/Users/tiagohorta/TrainYourOwnYOLO/Data/Source_Images/Test_Images/44.jpg,636,277,703,374,0,0.3985230326652527,1280,720
44.jpg,/Users/tiagohorta/TrainYourOwnYOLO/Data/Source_Images/Test_Images/44.jpg,661,275,684,310,0,0.43987300992012024,1280,720
44.jpg,/Users/tiagohorta/TrainYourOwnYOLO/Data/Source_Images/Test_Images/44.jpg,650,304,692,342,0,0.4795962870121002,1280,720
44.jpg,/Users/tiagohorta/TrainYourOwnYOLO/Data/Source_Images/Test_Images/44.jpg,269,3,284,32,0,0.559966504573822,1280,720
44.jpg,/Users/tiagohorta/TrainYourOwnYOLO/Data/Source_Images/Test_Images/44.jpg,112,641,173,698,0,0.5947610139846802,1280,720
44.jpg,/Users/tiagohorta/TrainYourOwnYOLO/Data/Source_Images/Test_Images/44.jpg,663,263,691,296,0,0.618196964263916,1280,720
44.jpg,/Users/tiagohorta/TrainYourOwnYOLO/Data/Source_Images/Test_Images/44.jpg,257,0,294,29,0,0.635285496711731,1280,720
45.jpg,/Users/tiagohorta/TrainYourOwnYOLO/Data/Source_Images/Test_Images/45.jpg,636,281,702,369,0,0.377819687128067,1280,720
45.jpg,/Users/tiagohorta/TrainYourOwnYOLO/Data/Source_Images/Test_Images/45.jpg,661,275,684,310,0,0.39700233936309814,1280,720
45.jpg,/Users/tiagohorta/TrainYourOwnYOLO/Data/Source_Images/Test_Images/45.jpg,272,1,286,36,0,0.39767399430274963,1280,720
45.jpg,/Users/tiagohorta/TrainYourOwnYOLO/Data/Source_Images/Test_Images/45.jpg,259,1,278,36,0,0.43820780515670776,1280,720
45.jpg,/Users/tiagohorta/TrainYourOwnYOLO/Data/Source_Images/Test_Images/45.jpg,650,303,692,342,0,0.46189194917678833,1280,720
45.jpg,/Users/tiagohorta/TrainYourOwnYOLO/Data/Source_Images/Test_Images/45.jpg,111,641,174,700,0,0.5411096811294556,1280,720
45.jpg,/Users/tiagohorta/TrainYourOwnYOLO/Data/Source_Images/Test_Images/45.jpg,662,263,693,296,0,0.6135307550430298,1280,720
45.jpg,/Users/tiagohorta/TrainYourOwnYOLO/Data/Source_Images/Test_Images/45.jpg,258,0,294,29,0,0.6485455632209778,1280,720
45.jpg,/Users/tiagohorta/TrainYourOwnYOLO/Data/Source_Images/Test_Images/45.jpg,310,23,337,66,0,0.6952388286590576,1280,720
3.jpg,/Users/tiagohorta/TrainYourOwnYOLO/Data/Source_Images/Test_Images/3.jpg,733,410,762,477,0,0.2506158649921417,1280,720
3.jpg,/Users/tiagohorta/TrainYourOwnYOLO/Data/Source_Images/Test_Images/3.jpg,780,47,807,90,0,0.25418829917907715,1280,720
3.jpg,/Users/tiagohorta/TrainYourOwnYOLO/Data/Source_Images/Test_Images/3.jpg,769,284,792,372,0,0.2551610469818115,1280,720
3.jpg,/Users/tiagohorta/TrainYourOwnYOLO/Data/Source_Images/Test_Images/3.jpg,440,63,466,96,0,0.25883251428604126,1280,720
3.jpg,/Users/tiagohorta/TrainYourOwnYOLO/Data/Source_Images/Test_Images/3.jpg,876,81,904,112,0,0.26386797428131104,1280,720
3.jpg,/Users/tiagohorta/TrainYourOwnYOLO/Data/Source_Images/Test_Images/3.jpg,684,415,718,474,0,0.28553763031959534,1280,720
3.jpg,/Users/tiagohorta/TrainYourOwnYOLO/Data/Source_Images/Test_Images/3.jpg,998,66,1038,105,0,0.2893127501010895,1280,720
3.jpg,/Users/tiagohorta/TrainYourOwnYOLO/Data/Source_Images/Test_Images/3.jpg,915,156,965,235,0,0.3142686188220978,1280,720
3.jpg,/Users/tiagohorta/TrainYourOwnYOLO/Data/Source_Images/Test_Images/3.jpg,390,12,409,48,0,0.3156786561012268,1280,720
3.jpg,/Users/tiagohorta/TrainYourOwnYOLO/Data/Source_Images/Test_Images/3.jpg,408,401,446,479,0,0.3307972550392151,1280,720
3.jpg,/Users/tiagohorta/TrainYourOwnYOLO/Data/Source_Images/Test_Images/3.jpg,539,77,559,118,0,0.3618212342262268,1280,720
3.jpg,/Users/tiagohorta/TrainYourOwnYOLO/Data/Source_Images/Test_Images/3.jpg,658,79,681,118,0,0.3899591565132141,1280,720
3.jpg,/Users/tiagohorta/TrainYourOwnYOLO/Data/Source_Images/Test_Images/3.jpg,464,79,490,126,0,0.4102296829223633,1280,720
3.jpg,/Users/tiagohorta/TrainYourOwnYOLO/Data/Source_Images/Test_Images/3.jpg,669,180,698,215,0,0.44718801975250244,1280,720
3.jpg,/Users/tiagohorta/TrainYourOwnYOLO/Data/Source_Images/Test_Images/3.jpg,459,179,496,226,0,0.45992565155029297,1280,720
3.jpg,/Users/tiagohorta/TrainYourOwnYOLO/Data/Source_Images/Test_Images/3.jpg,345,179,381,231,0,0.47592952847480774,1280,720
3.jpg,/Users/tiagohorta/TrainYourOwnYOLO/Data/Source_Images/Test_Images/3.jpg,283,174,325,233,0,0.48461952805519104,1280,720
3.jpg,/Users/tiagohorta/TrainYourOwnYOLO/Data/Source_Images/Test_Images/3.jpg,369,83,402,121,0,0.5058162212371826,1280,720
3.jpg,/Users/tiagohorta/TrainYourOwnYOLO/Data/Source_Images/Test_Images/3.jpg,621,82,647,120,0,0.5364788174629211,1280,720
51.jpg,/Users/tiagohorta/TrainYourOwnYOLO/Data/Source_Images/Test_Images/51.jpg,181,24,201,50,0,0.26604872941970825,1280,720
51.jpg,/Users/tiagohorta/TrainYourOwnYOLO/Data/Source_Images/Test_Images/51.jpg,636,281,703,370,0,0.32708656787872314,1280,720
51.jpg,/Users/tiagohorta/TrainYourOwnYOLO/Data/Source_Images/Test_Images/51.jpg,270,0,284,41,0,0.3655778467655182,1280,720
51.jpg,/Users/tiagohorta/TrainYourOwnYOLO/Data/Source_Images/Test_Images/51.jpg,258,1,279,37,0,0.38098666071891785,1280,720
51.jpg,/Users/tiagohorta/TrainYourOwnYOLO/Data/Source_Images/Test_Images/51.jpg,661,275,684,309,0,0.4579545259475708,1280,720
51.jpg,/Users/tiagohorta/TrainYourOwnYOLO/Data/Source_Images/Test_Images/51.jpg,651,304,691,341,0,0.47801023721694946,1280,720
51.jpg,/Users/tiagohorta/TrainYourOwnYOLO/Data/Source_Images/Test_Images/51.jpg,261,0,291,29,0,0.49483320116996765,1280,720
51.jpg,/Users/tiagohorta/TrainYourOwnYOLO/Data/Source_Images/Test_Images/51.jpg,115,643,169,697,0,0.5762323141098022,1280,720
51.jpg,/Users/tiagohorta/TrainYourOwnYOLO/Data/Source_Images/Test_Images/51.jpg,663,263,692,296,0,0.6170462965965271,1280,720
51.jpg,/Users/tiagohorta/TrainYourOwnYOLO/Data/Source_Images/Test_Images/51.jpg,315,18,339,51,0,0.7425988912582397,1280,720
51.jpg,/Users/tiagohorta/TrainYourOwnYOLO/Data/Source_Images/Test_Images/51.jpg,562,10,588,45,0,0.8070120811462402,1280,720
51.jpg,/Users/tiagohorta/TrainYourOwnYOLO/Data/Source_Images/Test_Images/51.jpg,170,24,206,62,0,0.8655784130096436,1280,720
47.jpg,/Users/tiagohorta/TrainYourOwnYOLO/Data/Source_Images/Test_Images/47.jpg,638,281,702,370,0,0.3507860004901886,1280,720
47.jpg,/Users/tiagohorta/TrainYourOwnYOLO/Data/Source_Images/Test_Images/47.jpg,661,276,684,309,0,0.44899782538414,1280,720
47.jpg,/Users/tiagohorta/TrainYourOwnYOLO/Data/Source_Images/Test_Images/47.jpg,260,1,278,36,0,0.46443894505500793,1280,720
47.jpg,/Users/tiagohorta/TrainYourOwnYOLO/Data/Source_Images/Test_Images/47.jpg,270,0,284,42,0,0.46535205841064453,1280,720
47.jpg,/Users/tiagohorta/TrainYourOwnYOLO/Data/Source_Images/Test_Images/47.jpg,651,304,691,341,0,0.4866912364959717,1280,720
47.jpg,/Users/tiagohorta/TrainYourOwnYOLO/Data/Source_Images/Test_Images/47.jpg,113,641,171,699,0,0.5675501823425293,1280,720
47.jpg,/Users/tiagohorta/TrainYourOwnYOLO/Data/Source_Images/Test_Images/47.jpg,663,263,692,296,0,0.6322370171546936,1280,720
47.jpg,/Users/tiagohorta/TrainYourOwnYOLO/Data/Source_Images/Test_Images/47.jpg,261,0,290,31,0,0.6332799792289734,1280,720
47.jpg,/Users/tiagohorta/TrainYourOwnYOLO/Data/Source_Images/Test_Images/47.jpg,315,17,338,51,0,0.8050634264945984,1280,720
47.jpg,/Users/tiagohorta/TrainYourOwnYOLO/Data/Source_Images/Test_Images/47.jpg,562,10,588,44,0,0.8187470436096191,1280,720
53.jpg,/Users/tiagohorta/TrainYourOwnYOLO/Data/Source_Images/Test_Images/53.jpg,0,130,10,172,0,0.2880878150463104,1280,720
53.jpg,/Users/tiagohorta/TrainYourOwnYOLO/Data/Source_Images/Test_Images/53.jpg,199,2,219,22,0,0.289356529712677,1280,720
53.jpg,/Users/tiagohorta/TrainYourOwnYOLO/Data/Source_Images/Test_Images/53.jpg,639,281,700,369,0,0.31156453490257263,1280,720
53.jpg,/Users/tiagohorta/TrainYourOwnYOLO/Data/Source_Images/Test_Images/53.jpg,271,0,285,40,0,0.31807243824005127,1280,720
53.jpg,/Users/tiagohorta/TrainYourOwnYOLO/Data/Source_Images/Test_Images/53.jpg,258,2,278,37,0,0.3937872648239136,1280,720
53.jpg,/Users/tiagohorta/TrainYourOwnYOLO/Data/Source_Images/Test_Images/53.jpg,660,275,684,310,0,0.43616336584091187,1280,720
53.jpg,/Users/tiagohorta/TrainYourOwnYOLO/Data/Source_Images/Test_Images/53.jpg,263,0,289,26,0,0.47148463129997253,1280,720
53.jpg,/Users/tiagohorta/TrainYourOwnYOLO/Data/Source_Images/Test_Images/53.jpg,651,304,690,342,0,0.472996324300766,1280,720
53.jpg,/Users/tiagohorta/TrainYourOwnYOLO/Data/Source_Images/Test_Images/53.jpg,113,643,171,698,0,0.5434063076972961,1280,720
53.jpg,/Users/tiagohorta/TrainYourOwnYOLO/Data/Source_Images/Test_Images/53.jpg,127,70,155,114,0,0.6267775893211365,1280,720
53.jpg,/Users/tiagohorta/TrainYourOwnYOLO/Data/Source_Images/Test_Images/53.jpg,662,262,691,297,0,0.6305464506149292,1280,720
53.jpg,/Users/tiagohorta/TrainYourOwnYOLO/Data/Source_Images/Test_Images/53.jpg,174,31,205,55,0,0.6570137143135071,1280,720
53.jpg,/Users/tiagohorta/TrainYourOwnYOLO/Data/Source_Images/Test_Images/53.jpg,315,18,339,49,0,0.7558421492576599,1280,720
53.jpg,/Users/tiagohorta/TrainYourOwnYOLO/Data/Source_Images/Test_Images/53.jpg,194,8,217,38,0,0.8031322360038757,1280,720
53.jpg,/Users/tiagohorta/TrainYourOwnYOLO/Data/Source_Images/Test_Images/53.jpg,562,11,588,44,0,0.8222720623016357,1280,720
1.jpg,/Users/tiagohorta/TrainYourOwnYOLO/Data/Source_Images/Test_Images/1.jpg,684,414,716,473,0,0.2507418394088745,1280,720
1.jpg,/Users/tiagohorta/TrainYourOwnYOLO/Data/Source_Images/Test_Images/1.jpg,571,55,599,94,0,0.2518754005432129,1280,720
1.jpg,/Users/tiagohorta/TrainYourOwnYOLO/Data/Source_Images/Test_Images/1.jpg,779,47,809,89,0,0.2604466676712036,1280,720
1.jpg,/Users/tiagohorta/TrainYourOwnYOLO/Data/Source_Images/Test_Images/1.jpg,769,280,791,375,0,0.2755577564239502,1280,720
1.jpg,/Users/tiagohorta/TrainYourOwnYOLO/Data/Source_Images/Test_Images/1.jpg,734,286,762,367,0,0.2808946967124939,1280,720
1.jpg,/Users/tiagohorta/TrainYourOwnYOLO/Data/Source_Images/Test_Images/1.jpg,468,183,492,215,0,0.2872964143753052,1280,720
1.jpg,/Users/tiagohorta/TrainYourOwnYOLO/Data/Source_Images/Test_Images/1.jpg,712,50,747,86,0,0.28785669803619385,1280,720
1.jpg,/Users/tiagohorta/TrainYourOwnYOLO/Data/Source_Images/Test_Images/1.jpg,465,84,488,123,0,0.3113992512226105,1280,720
1.jpg,/Users/tiagohorta/TrainYourOwnYOLO/Data/Source_Images/Test_Images/1.jpg,999,67,1038,104,0,0.3329300880432129,1280,720
1.jpg,/Users/tiagohorta/TrainYourOwnYOLO/Data/Source_Images/Test_Images/1.jpg,915,154,965,236,0,0.36515578627586365,1280,720
1.jpg,/Users/tiagohorta/TrainYourOwnYOLO/Data/Source_Images/Test_Images/1.jpg,656,77,682,119,0,0.37529829144477844,1280,720
1.jpg,/Users/tiagohorta/TrainYourOwnYOLO/Data/Source_Images/Test_Images/1.jpg,618,84,650,118,0,0.424620121717453,1280,720
1.jpg,/Users/tiagohorta/TrainYourOwnYOLO/Data/Source_Images/Test_Images/1.jpg,343,176,383,233,0,0.43309730291366577,1280,720
1.jpg,/Users/tiagohorta/TrainYourOwnYOLO/Data/Source_Images/Test_Images/1.jpg,670,180,695,215,0,0.47218361496925354,1280,720
1.jpg,/Users/tiagohorta/TrainYourOwnYOLO/Data/Source_Images/Test_Images/1.jpg,369,87,401,121,0,0.48081937432289124,1280,720
1.jpg,/Users/tiagohorta/TrainYourOwnYOLO/Data/Source_Images/Test_Images/1.jpg,285,176,324,230,0,0.5577014088630676,1280,720
52.jpg,/Users/tiagohorta/TrainYourOwnYOLO/Data/Source_Images/Test_Images/52.jpg,182,24,200,50,0,0.2709495425224304,1280,720
52.jpg,/Users/tiagohorta/TrainYourOwnYOLO/Data/Source_Images/Test_Images/52.jpg,635,282,704,370,0,0.3402875065803528,1280,720
52.jpg,/Users/tiagohorta/TrainYourOwnYOLO/Data/Source_Images/Test_Images/52.jpg,259,1,278,37,0,0.3831622898578644,1280,720
52.jpg,/Users/tiagohorta/TrainYourOwnYOLO/Data/Source_Images/Test_Images/52.jpg,270,0,284,40,0,0.3924935758113861,1280,720
52.jpg,/Users/tiagohorta/TrainYourOwnYOLO/Data/Source_Images/Test_Images/52.jpg,652,304,690,342,0,0.4308687746524811,1280,720
52.jpg,/Users/tiagohorta/TrainYourOwnYOLO/Data/Source_Images/Test_Images/52.jpg,661,275,684,310,0,0.44747334718704224,1280,720
52.jpg,/Users/tiagohorta/TrainYourOwnYOLO/Data/Source_Images/Test_Images/52.jpg,262,0,291,28,0,0.526918351650238,1280,720
52.jpg,/Users/tiagohorta/TrainYourOwnYOLO/Data/Source_Images/Test_Images/52.jpg,115,641,169,698,0,0.6054707169532776,1280,720
52.jpg,/Users/tiagohorta/TrainYourOwnYOLO/Data/Source_Images/Test_Images/52.jpg,664,263,691,296,0,0.6406540274620056,1280,720
52.jpg,/Users/tiagohorta/TrainYourOwnYOLO/Data/Source_Images/Test_Images/52.jpg,315,18,340,50,0,0.7696400880813599,1280,720
52.jpg,/Users/tiagohorta/TrainYourOwnYOLO/Data/Source_Images/Test_Images/52.jpg,562,11,589,44,0,0.8300004601478577,1280,720
52.jpg,/Users/tiagohorta/TrainYourOwnYOLO/Data/Source_Images/Test_Images/52.jpg,170,25,205,61,0,0.8785682916641235,1280,720
46.jpg,/Users/tiagohorta/TrainYourOwnYOLO/Data/Source_Images/Test_Images/46.jpg,635,279,704,372,0,0.32634294033050537,1280,720
46.jpg,/Users/tiagohorta/TrainYourOwnYOLO/Data/Source_Images/Test_Images/46.jpg,259,0,279,37,0,0.4450221061706543,1280,720
46.jpg,/Users/tiagohorta/TrainYourOwnYOLO/Data/Source_Images/Test_Images/46.jpg,270,0,284,42,0,0.4717751741409302,1280,720
46.jpg,/Users/tiagohorta/TrainYourOwnYOLO/Data/Source_Images/Test_Images/46.jpg,661,276,684,309,0,0.48135480284690857,1280,720
46.jpg,/Users/tiagohorta/TrainYourOwnYOLO/Data/Source_Images/Test_Images/46.jpg,651,306,691,341,0,0.5010941624641418,1280,720
46.jpg,/Users/tiagohorta/TrainYourOwnYOLO/Data/Source_Images/Test_Images/46.jpg,108,641,177,701,0,0.5496858954429626,1280,720
46.jpg,/Users/tiagohorta/TrainYourOwnYOLO/Data/Source_Images/Test_Images/46.jpg,261,0,291,30,0,0.6539304852485657,1280,720
46.jpg,/Users/tiagohorta/TrainYourOwnYOLO/Data/Source_Images/Test_Images/46.jpg,663,263,692,296,0,0.6547226309776306,1280,720
46.jpg,/Users/tiagohorta/TrainYourOwnYOLO/Data/Source_Images/Test_Images/46.jpg,315,18,338,50,0,0.8168178200721741,1280,720
46.jpg,/Users/tiagohorta/TrainYourOwnYOLO/Data/Source_Images/Test_Images/46.jpg,562,9,587,46,0,0.8458767533302307,1280,720
